Product ID,Category,Price,Final_Price
TEC-PH-10002275,Technology,907.152,1070.43936
TEC-PH-10002033,Technology,911.424,1075.48032
TEC-PH-10001949,Technology,213.48,251.90639999999996
TEC-AC-10003027,Technology,90.57,106.87259999999999
TEC-PH-10004977,Technology,1097.544,1295.10192
TEC-PH-10000486,Technology,371.168,437.97823999999997
TEC-PH-10004093,Technology,147.168,173.65824
TEC-AC-10000171,Technology,45.98,54.25639999999999
TEC-AC-10002167,Technology,45.0,53.099999999999994
TEC-PH-10003988,Technology,21.8,25.724
TEC-PH-10002447,Technology,1029.95,1215.341
TEC-AC-10002167,Technology,30.0,35.4
TEC-AC-10004633,Technology,13.98,16.4964
TEC-PH-10002726,Technology,167.968,198.20224
TEC-AC-10001998,Technology,19.99,23.588199999999997
TEC-PH-10004093,Technology,73.584,86.82912
TEC-AC-10001767,Technology,95.976,113.25168
TEC-AC-10001552,Technology,238.896,281.89727999999997
TEC-AC-10003499,Technology,74.112,87.45215999999999
TEC-PH-10002844,Technology,27.992,33.03056
TEC-AC-10000844,Technology,339.96,401.15279999999996
TEC-PH-10003875,Technology,68.04,80.2872
TEC-PH-10002293,Technology,59.97,70.7646
TEC-PH-10000215,Technology,384.45,453.65099999999995
TEC-PH-10001448,Technology,149.97,176.9646
TEC-PH-10001254,Technology,203.184,239.75712
TEC-PH-10004536,Technology,944.93,1115.0174
TEC-AC-10003657,Technology,54.384,64.17312
TEC-MA-10000822,Technology,8159.952,9628.74336
TEC-PH-10003931,Technology,143.976,169.89167999999998
TEC-AC-10004659,Technology,408.744,482.31792
TEC-PH-10003273,Technology,503.96,594.6727999999999
TEC-PH-10004896,Technology,149.95,176.94099999999997
TEC-AC-10002345,Technology,29.0,34.22
TEC-AC-10002323,Technology,176.8,208.624
TEC-PH-10001552,Technology,71.76,84.6768
TEC-PH-10001918,Technology,444.768,524.82624
TEC-PH-10001700,Technology,131.98,155.73639999999997
TEC-AC-10001266,Technology,20.8,24.544
TEC-PH-10002844,Technology,62.982,74.31876
TEC-MA-10000864,Technology,1188.0,1401.84
TEC-AC-10000109,Technology,89.584,105.70912
TEC-PH-10002563,Technology,302.376,356.80367999999993
TEC-MA-10001148,Technology,479.988,566.3858399999999
TEC-AC-10003832,Technology,617.976,729.21168
TEC-PH-10000011,Technology,31.984,37.74112
TEC-AC-10003832,Technology,3347.37,3949.8965999999996
TEC-PH-10001580,Technology,647.904,764.52672
TEC-AC-10000290,Technology,20.37,24.0366
TEC-MA-10000822,Technology,3059.982,3610.7787599999997
TEC-MA-10003353,Technology,2519.958,2973.55044
TEC-PH-10001433,Technology,328.224,387.30431999999996
TEC-AC-10004469,Technology,79.9,94.282
TEC-AC-10003628,Technology,209.93,247.7174
TEC-PH-10001760,Technology,1114.4,1314.992
TEC-AC-10001956,Technology,239.8,282.964
TEC-AC-10002001,Technology,255.984,302.06112
TEC-PH-10002398,Technology,178.384,210.49311999999998
TEC-MA-10002927,Technology,3991.98,4710.5364
TEC-PH-10004093,Technology,275.94,325.6092
TEC-AC-10000892,Technology,360.0,424.79999999999995
TEC-AC-10001908,Technology,99.99,117.98819999999999
TEC-PH-10003645,Technology,290.898,343.25964
TEC-PH-10004614,Technology,82.8,97.704
TEC-CO-10001449,Technology,959.984,1132.7811199999999
TEC-PH-10000702,Technology,71.928,84.87504
TEC-PH-10002293,Technology,47.976,56.61167999999999
TEC-AC-10000290,Technology,6.79,8.0122
TEC-AC-10003911,Technology,1023.936,1208.24448
TEC-AC-10002076,Technology,479.04,565.2672
TEC-AC-10004708,Technology,41.9,49.44199999999999
TEC-AC-10002335,Technology,83.976,99.09168
TEC-MA-10001681,Technology,482.34,569.1611999999999
TEC-AC-10001998,Technology,39.98,47.176399999999994
TEC-PH-10003012,Technology,246.384,290.73312
TEC-CO-10002313,Technology,1799.97,2123.9646
TEC-AC-10000158,Technology,57.584,67.94912
TEC-AC-10000158,Technology,179.95,212.34099999999998
TEC-CO-10004115,Technology,1199.976,1415.97168
TEC-AC-10004114,Technology,196.752,232.16736
TEC-MA-10000029,Technology,69.99,82.58819999999999
TEC-AC-10004659,Technology,408.744,482.31792
TEC-AC-10004659,Technology,291.96,344.51279999999997
TEC-AC-10002600,Technology,247.8,292.404
TEC-MA-10002937,Technology,1007.979,1189.41522
TEC-PH-10002365,Technology,35.12,41.441599999999994
TEC-AC-10001772,Technology,63.88,75.3784
TEC-AC-10004571,Technology,899.91,1061.8937999999998
TEC-PH-10002680,Technology,703.968,830.6822399999999
TEC-PH-10000149,Technology,95.76,112.9968
TEC-AC-10001445,Technology,9.09,10.726199999999999
TEC-AC-10002567,Technology,159.98,188.77639999999997
TEC-PH-10001924,Technology,279.96,330.35279999999995
TEC-PH-10001363,Technology,2735.952,3228.4233600000002
TEC-PH-10000376,Technology,7.992,9.43056
TEC-AC-10000303,Technology,63.984,75.50112
TEC-AC-10000991,Technology,93.98,110.8964
TEC-AC-10002399,Technology,38.04,44.8872
TEC-CO-10003236,Technology,2999.95,3539.941
TEC-AC-10000171,Technology,18.392,21.70256
TEC-PH-10003555,Technology,55.176,65.10768
TEC-AC-10003832,Technology,66.26,78.1868
TEC-PH-10000984,Technology,979.95,1156.341
TEC-AC-10001432,Technology,468.9,553.3019999999999
TEC-PH-10002262,Technology,380.864,449.4195199999999
TEC-AC-10001465,Technology,58.112,68.57216
TEC-PH-10002597,Technology,100.792,118.93455999999999
TEC-PH-10002496,Technology,374.376,441.76367999999997
TEC-PH-10000347,Technology,14.85,17.523
TEC-PH-10004977,Technology,470.376,555.04368
TEC-PH-10000586,Technology,105.584,124.58912
TEC-PH-10001254,Technology,406.368,479.51424
TEC-PH-10003800,Technology,84.784,100.04512
TEC-AC-10001266,Technology,31.2,36.815999999999995
TEC-CO-10004115,Technology,1199.976,1415.97168
TEC-PH-10002398,Technology,445.96,526.2328
TEC-PH-10001425,Technology,143.982,169.89875999999998
TEC-PH-10003963,Technology,494.376,583.3636799999999
TEC-PH-10003092,Technology,55.188,65.12184
TEC-PH-10003012,Technology,369.576,436.09968
TEC-PH-10004667,Technology,728.946,860.15628
TEC-PH-10000011,Technology,119.94,141.5292
TEC-PH-10002538,Technology,37.91,44.733799999999995
TEC-AC-10001267,Technology,119.8,141.36399999999998
TEC-PH-10002103,Technology,300.768,354.90623999999997
TEC-AC-10002857,Technology,17.88,21.098399999999998
TEC-AC-10003832,Technology,132.52,156.3736
TEC-PH-10003273,Technology,302.376,356.80367999999993
TEC-AC-10001142,Technology,316.0,372.88
TEC-AC-10001101,Technology,103.12,121.6816
TEC-PH-10004042,Technology,381.576,450.25968
TEC-AC-10003832,Technology,99.39,117.2802
TEC-AC-10003614,Technology,27.816,32.82288
TEC-MA-10004125,Technology,7999.98,9439.9764
TEC-AC-10003911,Technology,479.97,566.3646
TEC-PH-10002033,Technology,284.82,336.08759999999995
TEC-AC-10002253,Technology,166.24,196.1632
TEC-AC-10002399,Technology,15.216,17.95488
TEC-AC-10003628,Technology,119.96,141.5528
TEC-PH-10003012,Technology,307.98,363.4164
TEC-AC-10001606,Technology,299.97,353.9646
TEC-PH-10002170,Technology,55.992,66.07056
TEC-AC-10003610,Technology,179.97,212.3646
TEC-AC-10001383,Technology,49.98,58.97639999999999
TEC-PH-10000004,Technology,11.992,14.15056
TEC-CO-10002095,Technology,1199.976,1415.97168
TEC-AC-10001267,Technology,119.8,141.36399999999998
TEC-PH-10003931,Technology,107.982,127.41875999999999
TEC-AC-10003174,Technology,646.74,763.1532
TEC-PH-10004614,Technology,207.0,244.26
TEC-AC-10002167,Technology,24.0,28.32
TEC-AC-10000057,Technology,47.984,56.62112
TEC-PH-10001530,Technology,1363.96,1609.4728
TEC-PH-10001580,Technology,215.968,254.84223999999998
TEC-PH-10001795,Technology,1983.968,2341.08224
TEC-AC-10004901,Technology,149.97,176.9646
TEC-AC-10001101,Technology,25.78,30.4204
TEC-AC-10001838,Technology,1399.93,1651.9174
TEC-AC-10002402,Technology,239.97,283.1646
TEC-AC-10003441,Technology,67.8,80.00399999999999
TEC-AC-10000109,Technology,167.97,198.2046
TEC-PH-10001557,Technology,191.98,226.5364
TEC-PH-10002085,Technology,65.99,77.86819999999999
TEC-MA-10004002,Technology,265.475,313.26050000000004
TEC-PH-10002365,Technology,21.072,24.864959999999996
TEC-PH-10001552,Technology,83.72,98.7896
TEC-AC-10000710,Technology,115.36,136.1248
TEC-AC-10001714,Technology,191.472,225.93696
TEC-PH-10002923,Technology,59.184,69.83712
TEC-PH-10002496,Technology,280.782,331.32275999999996
TEC-AC-10003628,Technology,29.99,35.3882
TEC-AC-10002049,Technology,371.97,438.9246
TEC-AC-10000927,Technology,149.95,176.94099999999997
TEC-PH-10002660,Technology,543.92,641.8255999999999
TEC-PH-10004536,Technology,323.976,382.29168
TEC-PH-10004774,Technology,90.93,107.2974
TEC-PH-10001494,Technology,1199.8,1415.764
TEC-AC-10004666,Technology,1928.78,2275.9604
TEC-AC-10001772,Technology,143.73,169.60139999999998
TEC-AC-10002473,Technology,85.14,100.4652
TEC-PH-10004531,Technology,21.99,25.948199999999996
TEC-AC-10004353,Technology,252.0,297.35999999999996
TEC-AC-10003911,Technology,159.99,188.7882
TEC-PH-10002923,Technology,29.592,34.91856
TEC-PH-10004614,Technology,124.2,146.55599999999998
TEC-PH-10003555,Technology,160.93,189.8974
TEC-MA-10000822,Technology,3059.982,3610.7787599999997
TEC-PH-10000560,Technology,559.984,660.78112
TEC-MA-10003066,Technology,336.51,397.0818
TEC-PH-10001530,Technology,617.97,729.2046
TEC-AC-10003033,Technology,2309.65,2725.387
TEC-PH-10003931,Technology,95.984,113.26111999999999
TEC-AC-10003198,Technology,99.6,117.52799999999999
TEC-PH-10004188,Technology,124.95,147.441
TEC-MA-10004212,Technology,1379.92,1628.3056
TEC-PH-10000148,Technology,15.588,18.393839999999997
TEC-PH-10003885,Technology,197.97,233.60459999999998
TEC-AC-10004761,Technology,31.86,37.5948
TEC-PH-10001530,Technology,1363.96,1609.4728
TEC-PH-10000486,Technology,1113.504,1313.9347199999997
TEC-AC-10001606,Technology,99.99,117.98819999999999
TEC-PH-10002115,Technology,118.782,140.16276
TEC-AC-10003447,Technology,31.984,37.74112
TEC-MA-10003979,Technology,4899.93,5781.9174
TEC-PH-10004896,Technology,71.976,84.93168
TEC-PH-10001819,Technology,71.984,84.94111999999998
TEC-PH-10000576,Technology,219.184,258.63712
TEC-AC-10001013,Technology,29.29,34.5622
TEC-PH-10003589,Technology,71.96,84.91279999999999
TEC-AC-10003610,Technology,119.98,141.5764
TEC-AC-10002049,Technology,619.95,731.541
TEC-PH-10001061,Technology,699.93,825.9173999999999
TEC-MA-10004241,Technology,686.32,809.8576
TEC-PH-10000307,Technology,10.95,12.920999999999998
TEC-CO-10004202,Technology,599.98,707.9764
TEC-PH-10004700,Technology,9.99,11.7882
TEC-AC-10001552,Technology,447.93,528.5574
TEC-PH-10003931,Technology,179.97,212.3646
TEC-AC-10003174,Technology,258.696,305.26128
TEC-PH-10004539,Technology,1322.93,1561.0574
TEC-PH-10003655,Technology,7.92,9.3456
TEC-PH-10004447,Technology,889.536,1049.65248
TEC-AC-10001990,Technology,431.928,509.67503999999997
TEC-PH-10002660,Technology,271.96,320.91279999999995
TEC-AC-10004469,Technology,95.88,113.13839999999999
TEC-AC-10003174,Technology,258.696,305.26128
TEC-PH-10002200,Technology,1931.958,2279.71044
TEC-PH-10000439,Technology,255.936,302.00448
TEC-AC-10001432,Technology,78.15,92.217
TEC-CO-10001046,Technology,839.988,991.18584
TEC-PH-10003442,Technology,22.0,25.959999999999997
TEC-PH-10004165,Technology,1099.96,1297.9528
TEC-PH-10000149,Technology,35.91,42.373799999999996
TEC-AC-10004469,Technology,255.68,301.7024
TEC-PH-10004586,Technology,863.88,1019.3783999999999
TEC-PH-10000215,Technology,69.9,82.482
TEC-AC-10000580,Technology,63.992,75.51056
TEC-AC-10004209,Technology,32.97,38.904599999999995
TEC-AC-10000023,Technology,83.88,98.9784
TEC-PH-10003505,Technology,278.4,328.51199999999994
TEC-PH-10003555,Technology,114.95,135.641
TEC-PH-10001557,Technology,287.97,339.8046
TEC-PH-10003437,Technology,419.944,495.53391999999997
TEC-AC-10003116,Technology,14.2,16.755999999999997
TEC-PH-10004586,Technology,575.92,679.5855999999999
TEC-PH-10000347,Technology,2.97,3.5046
TEC-PH-10002549,Technology,677.58,799.5444
TEC-MA-10002178,Technology,695.7,820.926
TEC-PH-10003092,Technology,183.96,217.0728
TEC-PH-10001336,Technology,309.576,365.29968
TEC-MA-10003183,Technology,95.994,113.27292
TEC-AC-10001314,Technology,239.952,283.14336
TEC-PH-10002563,Technology,201.584,237.86911999999998
TEC-AC-10004510,Technology,49.08,57.91439999999999
TEC-PH-10002310,Technology,399.96,471.95279999999997
TEC-PH-10000215,Technology,104.85,123.72299999999998
TEC-PH-10003645,Technology,484.83,572.0994
TEC-AC-10002323,Technology,88.4,104.312
TEC-PH-10003988,Technology,21.8,25.724
TEC-AC-10004659,Technology,116.784,137.80512
TEC-AC-10000580,Technology,239.97,283.1646
TEC-PH-10002922,Technology,946.344,1116.68592
TEC-AC-10004353,Technology,151.2,178.41599999999997
TEC-PH-10001750,Technology,263.96,311.47279999999995
TEC-PH-10003092,Technology,220.752,260.48736
TEC-AC-10004975,Technology,263.88,311.3784
TEC-PH-10004165,Technology,1979.928,2336.31504
TEC-PH-10002564,Technology,47.984,56.62112
TEC-PH-10004348,Technology,88.752,104.72735999999999
TEC-MA-10000010,Technology,3040.0,3587.2
TEC-AC-10004571,Technology,159.984,188.78112
TEC-AC-10001767,Technology,95.976,113.25168
TEC-AC-10002402,Technology,255.968,302.04224
TEC-PH-10000376,Technology,31.968,37.72224
TEC-AC-10000865,Technology,177.0,208.85999999999999
TEC-PH-10003580,Technology,1212.848,1431.1606399999998
TEC-AC-10001109,Technology,89.97,106.1646
TEC-PH-10001300,Technology,33.52,39.5536
TEC-MA-10004458,Technology,396.0,467.28
TEC-PH-10000439,Technology,39.99,47.1882
TEC-CO-10001046,Technology,559.992,660.7905599999999
TEC-AC-10000171,Technology,91.96,108.51279999999998
TEC-PH-10004539,Technology,453.576,535.21968
TEC-AC-10003038,Technology,21.48,25.3464
TEC-AC-10003280,Technology,29.99,35.3882
TEC-PH-10000169,Technology,40.68,48.002399999999994
TEC-PH-10003012,Technology,307.98,363.4164
TEC-PH-10000984,Technology,979.95,1156.341
TEC-AC-10002600,Technology,247.8,292.404
TEC-PH-10004830,Technology,201.568,237.85024
TEC-PH-10004700,Technology,39.96,47.1528
TEC-PH-10000441,Technology,201.584,237.86911999999998
TEC-PH-10002726,Technology,83.984,99.10112
TEC-AC-10004855,Technology,83.976,99.09168
TEC-AC-10003063,Technology,50.0,59.0
TEC-PH-10002922,Technology,675.96,797.6328
TEC-AC-10002049,Technology,1265.85,1493.7029999999997
TEC-AC-10001465,Technology,58.112,68.57216
TEC-PH-10000038,Technology,438.336,517.23648
TEC-CO-10001766,Technology,3149.93,3716.9174
TEC-AC-10002323,Technology,35.36,41.724799999999995
TEC-PH-10003357,Technology,45.894,54.15492
TEC-AC-10003832,Technology,132.52,156.3736
TEC-PH-10004922,Technology,160.776,189.71568
TEC-PH-10002549,Technology,677.58,799.5444
TEC-AC-10002049,Technology,297.576,351.13968
TEC-AC-10003023,Technology,94.992,112.09056
TEC-PH-10002185,Technology,16.68,19.682399999999998
TEC-AC-10001013,Technology,58.58,69.1244
TEC-PH-10002726,Technology,167.968,198.20224
TEC-PH-10003589,Technology,32.382,38.21075999999999
TEC-MA-10004679,Technology,399.54,471.4572
TEC-AC-10003133,Technology,13.616,16.066879999999998
TEC-AC-10002006,Technology,63.96,75.47279999999999
TEC-PH-10002726,Technology,104.98,123.8764
TEC-PH-10003505,Technology,148.48,175.20639999999997
TEC-PH-10001061,Technology,159.984,188.78112
TEC-AC-10000736,Technology,255.968,302.04224
TEC-AC-10003063,Technology,100.0,118.0
TEC-PH-10003442,Technology,22.0,25.959999999999997
TEC-AC-10003038,Technology,17.9,21.121999999999996
TEC-AC-10003590,Technology,129.45,152.75099999999998
TEC-AC-10001142,Technology,442.4,522.0319999999999
TEC-PH-10001817,Technology,1718.4,2027.712
TEC-AC-10001013,Technology,46.864,55.299519999999994
TEC-AC-10001266,Technology,62.4,73.63199999999999
TEC-AC-10003447,Technology,59.97,70.7646
TEC-AC-10004510,Technology,98.16,115.82879999999999
TEC-PH-10001615,Technology,86.97,102.62459999999999
TEC-PH-10001819,Technology,134.97,159.2646
TEC-PH-10000560,Technology,699.98,825.9764
TEC-AC-10004568,Technology,139.95,165.141
TEC-PH-10000455,Technology,347.97,410.6046
TEC-AC-10002926,Technology,79.984,94.38112
TEC-PH-10002200,Technology,2575.944,3039.61392
TEC-AC-10001465,Technology,254.24,300.0032
TEC-PH-10004897,Technology,69.93,82.51740000000001
TEC-PH-10002624,Technology,1127.976,1331.01168
TEC-PH-10002885,Technology,779.796,920.15928
TEC-PH-10000895,Technology,1439.92,1699.1056
TEC-MA-10000488,Technology,1439.982,1699.1787599999998
TEC-AC-10003027,Technology,90.57,106.87259999999999
TEC-AC-10002253,Technology,831.2,980.816
TEC-PH-10004959,Technology,100.49,118.57819999999998
TEC-PH-10004896,Technology,119.96,141.5528
TEC-PH-10002824,Technology,370.782,437.52275999999995
TEC-PH-10000984,Technology,470.376,555.04368
TEC-PH-10002563,Technology,302.376,356.80367999999993
TEC-PH-10004924,Technology,14.78,17.440399999999997
TEC-AC-10003116,Technology,28.4,33.51199999999999
TEC-AC-10003832,Technology,99.39,117.2802
TEC-MA-10003674,Technology,597.132,704.6157599999999
TEC-AC-10003628,Technology,149.95,176.94099999999997
TEC-PH-10001809,Technology,299.9,353.88199999999995
TEC-PH-10004345,Technology,863.64,1019.0952
TEC-AC-10001908,Technology,199.98,235.97639999999998
TEC-PH-10001198,Technology,177.48,209.42639999999997
TEC-PH-10004165,Technology,659.976,778.77168
TEC-PH-10002483,Technology,271.992,320.95056
TEC-AC-10001284,Technology,166.16,196.06879999999998
TEC-AC-10001109,Technology,95.968,113.24224
TEC-PH-10003885,Technology,197.97,233.60459999999998
TEC-AC-10002842,Technology,238.0,280.84
TEC-AC-10000109,Technology,167.97,198.2046
TEC-AC-10003023,Technology,296.85,350.283
TEC-AC-10002217,Technology,112.8,133.10399999999998
TEC-PH-10002103,Technology,281.97,332.7246
TEC-AC-10004659,Technology,291.96,344.51279999999997
TEC-AC-10004659,Technology,408.744,482.31792
TEC-AC-10002718,Technology,35.016,41.31887999999999
TEC-PH-10002352,Technology,1394.95,1646.041
TEC-PH-10003811,Technology,479.96,566.3528
TEC-CO-10001449,Technology,1439.976,1699.1716800000002
TEC-PH-10003645,Technology,161.61,190.6998
TEC-PH-10001615,Technology,144.95,171.04099999999997
TEC-AC-10001767,Technology,199.95,235.94099999999997
TEC-AC-10000290,Technology,47.53,56.0854
TEC-AC-10001606,Technology,159.984,188.78112
TEC-PH-10001760,Technology,597.0,704.4599999999999
TEC-AC-10001114,Technology,199.95,235.94099999999997
TEC-AC-10000844,Technology,84.99,100.28819999999999
TEC-AC-10004568,Technology,251.91,297.25379999999996
TEC-AC-10002800,Technology,199.96,235.9528
TEC-AC-10003289,Technology,59.97,70.7646
TEC-PH-10002468,Technology,761.544,898.6219199999999
TEC-PH-10002170,Technology,111.984,132.14112
TEC-AC-10002926,Technology,279.944,330.33392
TEC-AC-10001266,Technology,26.0,30.68
TEC-PH-10001578,Technology,1295.84,1529.0911999999998
TEC-PH-10000923,Technology,62.958,74.29043999999999
TEC-AC-10000158,Technology,86.376,101.92368
TEC-PH-10002807,Technology,94.92,112.0056
TEC-PH-10002293,Technology,23.988,28.305839999999996
TEC-PH-10001536,Technology,84.95,100.241
TEC-AC-10001772,Technology,111.79,131.9122
TEC-AC-10002402,Technology,191.976,226.53168
TEC-AC-10000927,Technology,71.976,84.93168
TEC-PH-10003931,Technology,107.982,127.41875999999999
TEC-MA-10000488,Technology,3999.95,4719.941
TEC-AC-10001767,Technology,199.95,235.94099999999997
TEC-AC-10002345,Technology,29.0,34.22
TEC-PH-10003645,Technology,1454.49,1716.2982
TEC-AC-10003038,Technology,44.75,52.805
TEC-PH-10002563,Technology,881.93,1040.6773999999998
TEC-PH-10001552,Technology,38.272,45.160959999999996
TEC-PH-10001079,Technology,832.93,982.8573999999999
TEC-PH-10001817,Technology,1145.6,1351.8079999999998
TEC-PH-10001578,Technology,485.94,573.4091999999999
TEC-PH-10002496,Technology,124.792,147.25456
TEC-PH-10001051,Technology,319.968,377.56224
TEC-AC-10001013,Technology,205.03,241.9354
TEC-PH-10004165,Technology,494.982,584.07876
TEC-PH-10004165,Technology,659.976,778.77168
TEC-PH-10001944,Technology,437.85,516.663
TEC-AC-10002049,Technology,371.97,438.9246
TEC-AC-10002253,Technology,166.24,196.1632
TEC-AC-10004145,Technology,499.98,589.9764
TEC-CO-10003763,Technology,1119.984,1321.5811199999998
TEC-AC-10000109,Technology,223.96,264.2728
TEC-PH-10001552,Technology,23.92,28.2256
TEC-PH-10001557,Technology,287.97,339.8046
TEC-PH-10000347,Technology,4.95,5.841
TEC-PH-10001527,Technology,42.95,50.681
TEC-AC-10001838,Technology,1399.93,1651.9174
TEC-PH-10002597,Technology,503.96,594.6727999999999
TEC-AC-10001142,Technology,316.0,372.88
TEC-AC-10001432,Technology,390.75,461.085
TEC-AC-10003095,Technology,389.97,460.1646
TEC-AC-10000358,Technology,265.93,313.7974
TEC-AC-10000358,Technology,113.97,134.4846
TEC-AC-10004864,Technology,36.51,43.081799999999994
TEC-MA-10000597,Technology,239.976,283.17168
TEC-AC-10004353,Technology,252.0,297.35999999999996
TEC-PH-10000141,Technology,211.168,249.17824
TEC-CO-10000971,Technology,479.984,566.3811199999999
TEC-AC-10002637,Technology,1619.91,1911.4938
TEC-AC-10002217,Technology,37.6,44.368
TEC-AC-10001267,Technology,59.9,70.68199999999999
TEC-AC-10002049,Technology,1115.91,1316.7738
TEC-PH-10003555,Technology,128.744,151.91791999999998
TEC-PH-10000702,Technology,79.92,94.3056
TEC-PH-10003072,Technology,359.976,424.77168
TEC-AC-10002842,Technology,595.0,702.0999999999999
TEC-MA-10000112,Technology,2396.4,2827.752
TEC-AC-10004171,Technology,99.99,117.98819999999999
TEC-AC-10002473,Technology,158.928,187.53503999999998
TEC-PH-10001536,Technology,54.368,64.15424
TEC-PH-10004614,Technology,345.0,407.09999999999997
TEC-AC-10002399,Technology,95.1,112.21799999999999
TEC-PH-10001336,Technology,257.98,304.4164
TEC-PH-10000149,Technology,119.7,141.246
TEC-AC-10002399,Technology,57.06,67.3308
TEC-AC-10003038,Technology,71.6,84.48799999999999
TEC-PH-10000576,Technology,136.99,161.6482
TEC-AC-10000682,Technology,82.95,97.881
TEC-PH-10000912,Technology,35.168,41.498239999999996
TEC-PH-10001835,Technology,631.96,745.7128
TEC-PH-10002885,Technology,4548.81,5367.5958
TEC-PH-10000895,Technology,719.96,849.5528
TEC-PH-10000675,Technology,196.776,232.19568
TEC-AC-10000580,Technology,479.94,566.3292
TEC-AC-10003116,Technology,106.5,125.66999999999999
TEC-AC-10003280,Technology,95.968,113.24224
TEC-PH-10003442,Technology,5.5,6.489999999999999
TEC-AC-10002550,Technology,25.488,30.07584
TEC-AC-10000844,Technology,339.96,401.15279999999996
TEC-AC-10003499,Technology,46.32,54.657599999999995
TEC-PH-10000895,Technology,431.976,509.73168
TEC-PH-10002555,Technology,155.37,183.3366
TEC-PH-10002624,Technology,1879.96,2218.3528
TEC-PH-10000369,Technology,705.544,832.5419199999999
TEC-AC-10001590,Technology,50.0,59.0
TEC-AC-10000387,Technology,15.02,17.723599999999998
TEC-AC-10003116,Technology,71.0,83.78
TEC-PH-10000576,Technology,164.388,193.97784
TEC-AC-10004145,Technology,1399.944,1651.93392
TEC-PH-10004833,Technology,155.35,183.313
TEC-PH-10002103,Technology,187.98,221.8164
TEC-PH-10001433,Technology,246.168,290.47823999999997
TEC-PH-10002807,Technology,79.1,93.338
TEC-PH-10002310,Technology,587.97,693.8046
TEC-MA-10003356,Technology,1349.85,1592.8229999999999
TEC-AC-10001635,Technology,24.672,29.112959999999998
TEC-PH-10001300,Technology,67.04,79.1072
TEC-CO-10004722,Technology,11199.968,13215.96224
TEC-PH-10001494,Technology,2399.6,2831.528
TEC-PH-10003800,Technology,52.99,62.5282
TEC-AC-10002399,Technology,60.864,71.81952
TEC-MA-10002210,Technology,652.995,770.5341
TEC-AC-10000927,Technology,29.99,35.3882
TEC-PH-10003092,Technology,36.792,43.41456
TEC-PH-10000215,Technology,104.85,123.72299999999998
TEC-PH-10002834,Technology,1979.89,2336.2702
TEC-AC-10003832,Technology,79.512,93.82415999999999
TEC-AC-10002049,Technology,619.95,731.541
TEC-MA-10002981,Technology,350.973,414.14814
TEC-PH-10003601,Technology,164.99,194.6882
TEC-PH-10002890,Technology,108.576,128.11968
TEC-MA-10003626,Technology,821.3,969.1339999999999
TEC-MA-10002412,Technology,22638.48,26713.4064
TEC-AC-10002323,Technology,132.6,156.468
TEC-MA-10000488,Technology,1919.976,2265.57168
TEC-PH-10004531,Technology,302.376,356.80367999999993
TEC-PH-10000673,Technology,129.98,153.3764
TEC-AC-10000158,Technology,71.98,84.9364
TEC-PH-10002075,Technology,377.97,446.0046
TEC-PH-10003811,Technology,359.97,424.76460000000003
TEC-PH-10003072,Technology,629.958,743.3504399999999
TEC-AC-10001838,Technology,799.96,943.9528
TEC-PH-10002923,Technology,73.98,87.2964
TEC-PH-10003691,Technology,377.97,446.0046
TEC-PH-10001819,Technology,89.98,106.1764
TEC-AC-10004227,Technology,25.98,30.656399999999998
TEC-PH-10002726,Technology,125.976,148.65168
TEC-AC-10004571,Technology,79.992,94.39056
TEC-AC-10004127,Technology,27.168,32.05824
TEC-AC-10003174,Technology,323.37,381.5766
TEC-PH-10002310,Technology,783.96,925.0728
TEC-AC-10002402,Technology,239.97,283.1646
TEC-AC-10003709,Technology,0.99,1.1682
TEC-AC-10003038,Technology,50.12,59.1416
TEC-AC-10003289,Technology,47.976,56.61167999999999
TEC-AC-10003433,Technology,2.376,2.8036799999999995
TEC-PH-10001336,Technology,257.98,304.4164
TEC-PH-10003187,Technology,23.988,28.305839999999996
TEC-PH-10004897,Technology,23.976,28.291679999999996
TEC-PH-10001557,Technology,1075.088,1268.60384
TEC-PH-10000576,Technology,438.368,517.27424
TEC-PH-10000984,Technology,783.96,925.0728
TEC-AC-10004145,Technology,999.96,1179.9528
TEC-PH-10002563,Technology,302.376,356.80367999999993
TEC-PH-10000673,Technology,155.976,184.05167999999998
TEC-MA-10002178,Technology,695.7,820.926
TEC-AC-10000387,Technology,36.048,42.53664
TEC-AC-10003441,Technology,67.8,80.00399999999999
TEC-PH-10004389,Technology,377.97,446.0046
TEC-AC-10000844,Technology,254.97,300.8646
TEC-PH-10001552,Technology,35.88,42.3384
TEC-CO-10000971,Technology,959.968,1132.7622399999998
TEC-CO-10000971,Technology,479.984,566.3811199999999
TEC-PH-10002890,Technology,135.72,160.1496
TEC-PH-10001750,Technology,263.96,311.47279999999995
TEC-PH-10002310,Technology,156.792,185.01456
TEC-PH-10002834,Technology,431.976,509.73168
TEC-AC-10001266,Technology,41.6,49.088
TEC-PH-10000347,Technology,7.92,9.3456
TEC-PH-10001459,Technology,671.984,792.94112
TEC-PH-10000439,Technology,39.99,47.1882
TEC-AC-10004227,Technology,12.99,15.328199999999999
TEC-AC-10003628,Technology,95.968,113.24224
TEC-MA-10004521,Technology,206.991,244.24938
TEC-MA-10000822,Technology,2549.985,3008.9823
TEC-AC-10002842,Technology,666.4,786.352
TEC-PH-10003691,Technology,403.168,475.73823999999996
TEC-AC-10003038,Technology,53.7,63.366
TEC-PH-10001530,Technology,1022.97,1207.1046
TEC-AC-10000892,Technology,360.0,424.79999999999995
TEC-PH-10002555,Technology,517.9,611.122
TEC-CO-10001046,Technology,2799.96,3303.9528
TEC-AC-10002800,Technology,119.976,141.57168
TEC-PH-10002350,Technology,83.97,99.0846
TEC-AC-10000397,Technology,104.97,123.8646
TEC-PH-10004531,Technology,140.736,166.06847999999997
TEC-AC-10004001,Technology,214.95,253.64099999999996
TEC-PH-10003589,Technology,43.176,50.94768
TEC-PH-10002834,Technology,539.97,637.1646
TEC-AC-10002402,Technology,127.984,151.02112
TEC-PH-10000526,Technology,671.93,792.8773999999999
TEC-PH-10001557,Technology,479.95,566.341
TEC-MA-10001972,Technology,837.6,988.3679999999999
TEC-PH-10002496,Technology,249.584,294.50912
TEC-PH-10002200,Technology,258.528,305.06304
TEC-AC-10001142,Technology,395.0,466.09999999999997
TEC-PH-10004977,Technology,627.168,740.05824
TEC-PH-10004908,Technology,67.992,80.23056
TEC-AC-10004568,Technology,44.784,52.845119999999994
TEC-AC-10003628,Technology,119.96,141.5528
TEC-PH-10002923,Technology,88.776,104.75567999999998
TEC-AC-10002049,Technology,2025.36,2389.9248
TEC-MA-10000418,Technology,1799.994,2123.9929199999997
TEC-PH-10004908,Technology,101.988,120.34584
TEC-AC-10001266,Technology,26.0,30.68
TEC-AC-10001314,Technology,119.976,141.57168
TEC-PH-10001299,Technology,239.984,283.18112
TEC-AC-10003280,Technology,47.984,56.62112
TEC-AC-10004666,Technology,826.62,975.4115999999999
TEC-PH-10004700,Technology,69.93,82.51740000000001
TEC-PH-10002115,Technology,65.99,77.86819999999999
TEC-PH-10000702,Technology,29.97,35.364599999999996
TEC-PH-10001644,Technology,95.968,113.24224
TEC-PH-10002103,Technology,601.536,709.8124799999999
TEC-AC-10004209,Technology,10.99,12.9682
TEC-AC-10000420,Technology,349.95,412.941
TEC-PH-10002726,Technology,377.928,445.95504
TEC-AC-10002800,Technology,149.97,176.9646
TEC-PH-10002200,Technology,430.88,508.43839999999994
TEC-AC-10000892,Technology,90.0,106.19999999999999
TEC-PH-10001760,Technology,318.4,375.71199999999993
TEC-PH-10001557,Technology,230.376,271.84368
TEC-AC-10003038,Technology,7.16,8.4488
TEC-PH-10003095,Technology,122.92,145.0456
TEC-PH-10004912,Technology,219.8,259.364
TEC-AC-10004510,Technology,49.08,57.91439999999999
TEC-PH-10002085,Technology,105.584,124.58912
TEC-PH-10001536,Technology,27.184,32.07712
TEC-PH-10001580,Technology,107.984,127.42111999999999
TEC-AC-10001314,Technology,99.98,117.9764
TEC-PH-10002660,Technology,135.98,160.45639999999997
TEC-PH-10003171,Technology,44.95,53.041000000000004
TEC-AC-10003709,Technology,2.97,3.5046
TEC-AC-10003709,Technology,7.92,9.3456
TEC-CO-10001046,Technology,3359.952,3964.74336
TEC-PH-10001615,Technology,28.99,34.2082
TEC-AC-10001109,Technology,47.984,56.62112
TEC-PH-10001530,Technology,494.376,583.3636799999999
TEC-AC-10001552,Technology,248.85,293.643
TEC-AC-10003399,Technology,36.24,42.7632
TEC-MA-10002428,Technology,1704.89,2011.7702
TEC-MA-10000488,Technology,1919.976,2265.57168
TEC-PH-10001128,Technology,539.964,637.15752
TEC-PH-10002468,Technology,217.584,256.74912
TEC-PH-10000576,Technology,328.776,387.95568
TEC-AC-10003628,Technology,47.984,56.62112
TEC-PH-10003505,Technology,148.48,175.20639999999997
TEC-PH-10004959,Technology,241.176,284.58768
TEC-AC-10000474,Technology,227.976,269.01168
TEC-PH-10003095,Technology,52.68,62.1624
TEC-PH-10004667,Technology,431.968,509.72224
TEC-PH-10000011,Technology,59.97,70.7646
TEC-AC-10003280,Technology,89.97,106.1646
TEC-PH-10002726,Technology,83.984,99.10112
TEC-PH-10000895,Technology,359.98,424.7764
TEC-AC-10004510,Technology,26.176,30.887679999999996
TEC-AC-10003832,Technology,1287.45,1519.191
TEC-PH-10000376,Technology,39.96,47.1528
TEC-PH-10004586,Technology,1799.75,2123.705
TEC-PH-10004447,Technology,222.384,262.41312
TEC-PH-10001530,Technology,1091.168,1287.5782399999998
TEC-PH-10000038,Technology,219.168,258.61824
TEC-PH-10002923,Technology,36.99,43.6482
TEC-AC-10002217,Technology,131.6,155.28799999999998
TEC-MA-10001972,Technology,558.4,658.9119999999999
TEC-PH-10002415,Technology,471.92,556.8656
TEC-AC-10001109,Technology,71.976,84.93168
TEC-AC-10003628,Technology,47.984,56.62112
TEC-PH-10003012,Technology,492.768,581.46624
TEC-AC-10001990,Technology,47.992,56.630559999999996
TEC-AC-10003614,Technology,18.544,21.88192
TEC-AC-10002926,Technology,99.98,117.9764
TEC-AC-10004633,Technology,34.95,41.241
TEC-AC-10001635,Technology,92.52,109.1736
TEC-PH-10000455,Technology,579.95,684.341
TEC-PH-10002890,Technology,36.192,42.706559999999996
TEC-AC-10002305,Technology,72.0,84.96
TEC-AC-10000990,Technology,655.9,773.962
TEC-AC-10000420,Technology,209.97,247.76459999999997
TEC-AC-10001714,Technology,95.736,112.96848
TEC-PH-10000369,Technology,201.584,237.86911999999998
TEC-MA-10001972,Technology,418.8,494.18399999999997
TEC-AC-10002323,Technology,66.3,78.234
TEC-PH-10002350,Technology,44.784,52.845119999999994
TEC-PH-10001580,Technology,404.94,477.82919999999996
TEC-AC-10002345,Technology,116.0,136.88
TEC-PH-10004120,Technology,657.552,775.91136
TEC-AC-10001838,Technology,599.97,707.9646
TEC-PH-10000148,Technology,38.97,45.98459999999999
TEC-PH-10004833,Technology,38.24,45.1232
TEC-AC-10001465,Technology,87.168,102.85824
TEC-MA-10002859,Technology,287.968,339.80224
TEC-PH-10001254,Technology,812.736,959.02848
TEC-PH-10003484,Technology,604.752,713.6073599999999
TEC-AC-10004975,Technology,439.8,518.9639999999999
TEC-AC-10003628,Technology,59.98,70.7764
TEC-MA-10001148,Technology,2395.2,2826.336
TEC-AC-10002049,Technology,1687.8,1991.6039999999998
TEC-PH-10000702,Technology,7.992,9.43056
TEC-PH-10002885,Technology,1169.694,1380.2389199999998
TEC-AC-10002134,Technology,64.704,76.35071999999998
TEC-PH-10002549,Technology,135.516,159.90887999999998
TEC-AC-10001990,Technology,431.928,509.67503999999997
TEC-AC-10004864,Technology,58.416,68.93087999999999
TEC-AC-10000171,Technology,36.784,43.40512
TEC-PH-10002185,Technology,5.56,6.5607999999999995
TEC-PH-10004071,Technology,63.936,75.44448
TEC-AC-10001465,Technology,36.32,42.8576
TEC-PH-10000376,Technology,41.958,49.510439999999996
TEC-AC-10002550,Technology,178.92,211.12559999999996
TEC-AC-10004859,Technology,104.88,123.7584
TEC-AC-10002558,Technology,9.096,10.733279999999999
TEC-PH-10003484,Technology,377.97,446.0046
TEC-AC-10003590,Technology,258.9,305.50199999999995
TEC-PH-10003095,Technology,52.68,62.1624
TEC-AC-10004227,Technology,103.92,122.62559999999999
TEC-MA-10002428,Technology,464.97,548.6646
TEC-MA-10000597,Technology,59.994,70.79292
TEC-CO-10001571,Technology,439.992,519.19056
TEC-PH-10004531,Technology,87.96,103.79279999999999
TEC-AC-10004114,Technology,163.96,193.4728
TEC-CO-10004202,Technology,899.97,1061.9646
TEC-AC-10003709,Technology,5.544,6.541919999999999
TEC-AC-10000521,Technology,11.54,13.617199999999999
TEC-AC-10002926,Technology,249.95,294.941
TEC-PH-10000730,Technology,499.99,589.9882
TEC-PH-10000895,Technology,1259.93,1486.7174
TEC-PH-10000673,Technology,129.98,153.3764
TEC-PH-10003988,Technology,10.9,12.862
TEC-AC-10001109,Technology,59.98,70.7764
TEC-CO-10001571,Technology,879.984,1038.38112
TEC-PH-10004896,Technology,119.96,141.5528
TEC-AC-10000023,Technology,62.91,74.23379999999999
TEC-AC-10002001,Technology,383.976,453.09168
TEC-AC-10001874,Technology,335.944,396.41392
TEC-PH-10002564,Technology,71.976,84.93168
TEC-PH-10000038,Technology,273.96,323.27279999999996
TEC-PH-10003072,Technology,269.982,318.57876
TEC-AC-10003590,Technology,41.424,48.88032
TEC-PH-10002483,Technology,1359.96,1604.7528
TEC-AC-10002473,Technology,22.704,26.79072
TEC-PH-10000441,Technology,100.792,118.93455999999999
TEC-PH-10002824,Technology,823.96,972.2728
TEC-PH-10003187,Technology,59.97,70.7646
TEC-CO-10001571,Technology,879.984,1038.38112
TEC-PH-10000560,Technology,1049.97,1238.9646
TEC-PH-10001363,Technology,911.984,1076.14112
TEC-AC-10004814,Technology,170.97,201.7446
TEC-AC-10004633,Technology,34.95,41.241
TEC-PH-10002824,Technology,823.96,972.2728
TEC-AC-10001539,Technology,447.944,528.57392
TEC-PH-10002789,Technology,124.792,147.25456
TEC-AC-10002842,Technology,238.0,280.84
TEC-AC-10003590,Technology,155.34,183.3012
TEC-AC-10000710,Technology,148.32,175.0176
TEC-PH-10002660,Technology,108.784,128.36512
TEC-PH-10003171,Technology,134.85,159.123
TEC-PH-10001425,Technology,239.97,283.1646
TEC-AC-10003033,Technology,659.9,778.6819999999999
TEC-AC-10000420,Technology,559.92,660.7055999999999
TEC-AC-10004901,Technology,279.944,330.33392
TEC-AC-10002331,Technology,48.9,57.702
TEC-AC-10002567,Technology,127.984,151.02112
TEC-AC-10001090,Technology,47.984,56.62112
TEC-PH-10000347,Technology,14.85,17.523
TEC-PH-10002844,Technology,41.988,49.54584
TEC-PH-10001619,Technology,470.376,555.04368
TEC-PH-10001299,Technology,359.976,424.77168
TEC-AC-10001109,Technology,47.984,56.62112
TEC-PH-10003484,Technology,201.584,237.86911999999998
TEC-PH-10003535,Technology,159.984,188.78112
TEC-PH-10002564,Technology,149.95,176.94099999999997
TEC-PH-10003800,Technology,84.784,100.04512
TEC-CO-10003763,Technology,2799.96,3303.9528
TEC-PH-10003012,Technology,769.95,908.541
TEC-AC-10002942,Technology,345.0,407.09999999999997
TEC-MA-10001016,Technology,287.91,339.73380000000003
TEC-AC-10001553,Technology,101.94,120.2892
TEC-AC-10004568,Technology,251.91,297.25379999999996
TEC-PH-10004093,Technology,82.782,97.68275999999999
TEC-PH-10003215,Technology,95.84,113.0912
TEC-PH-10001557,Technology,153.584,181.22912
TEC-MA-10003183,Technology,479.97,566.3646
TEC-AC-10003063,Technology,100.0,118.0
TEC-AC-10002567,Technology,383.952,453.06336
TEC-MA-10003183,Technology,767.952,906.18336
TEC-PH-10001425,Technology,191.976,226.53168
TEC-AC-10001990,Technology,599.9,707.882
TEC-PH-10004774,Technology,72.744,85.83792
TEC-AC-10002473,Technology,68.112,80.37216
TEC-AC-10002800,Technology,39.992,47.19056
TEC-PH-10004434,Technology,978.84,1155.0312
TEC-CO-10002095,Technology,999.98,1179.9764
TEC-PH-10004120,Technology,821.94,969.8892
TEC-PH-10002293,Technology,47.976,56.61167999999999
TEC-PH-10002275,Technology,302.384,356.81312
TEC-MA-10000864,Technology,3080.0,3634.3999999999996
TEC-AC-10003289,Technology,79.96,94.35279999999999
TEC-PH-10001619,Technology,587.97,693.8046
TEC-PH-10000439,Technology,159.96,188.7528
TEC-PH-10002923,Technology,73.98,87.2964
TEC-PH-10001750,Technology,158.376,186.88368
TEC-AC-10000199,Technology,19.04,22.4672
TEC-MA-10001127,Technology,2624.985,3097.4823
TEC-MA-10000029,Technology,209.97,247.76459999999997
TEC-AC-10002942,Technology,55.2,65.136
TEC-AC-10003280,Technology,47.984,56.62112
TEC-PH-10002834,Technology,539.97,637.1646
TEC-AC-10003027,Technology,169.064,199.49551999999997
TEC-PH-10003273,Technology,629.95,743.341
TEC-AC-10001539,Technology,319.96,377.55279999999993
TEC-AC-10004510,Technology,98.16,115.82879999999999
TEC-CO-10004722,Technology,10499.97,12389.9646
TEC-PH-10001254,Technology,304.776,359.63568
TEC-CO-10002095,Technology,799.984,943.98112
TEC-MA-10000418,Technology,4799.984,5663.98112
TEC-MA-10001570,Technology,385.8,455.24399999999997
TEC-PH-10001448,Technology,149.97,176.9646
TEC-AC-10002323,Technology,66.3,78.234
TEC-PH-10004897,Technology,55.944,66.01392
TEC-PH-10004924,Technology,11.824,13.952319999999999
TEC-AC-10002006,Technology,63.96,75.47279999999999
TEC-AC-10004001,Technology,171.96,202.9128
TEC-PH-10004071,Technology,71.928,84.87504
TEC-MA-10001047,Technology,9099.93,10737.9174
TEC-CO-10001571,Technology,439.992,519.19056
TEC-PH-10004896,Technology,53.982,63.69875999999999
TEC-PH-10001459,Technology,4367.896,5154.1172799999995
TEC-PH-10000526,Technology,383.96,453.0728
TEC-PH-10001079,Technology,666.344,786.28592
TEC-MA-10003246,Technology,447.968,528.6022399999999
TEC-PH-10004897,Technology,23.976,28.291679999999996
TEC-PH-10002834,Technology,323.982,382.29876
TEC-AC-10003280,Technology,71.976,84.93168
TEC-AC-10001998,Technology,19.99,23.588199999999997
TEC-AC-10003237,Technology,50.88,60.0384
TEC-AC-10000158,Technology,107.97,127.40459999999999
TEC-PH-10000038,Technology,657.504,775.8547199999999
TEC-AC-10001552,Technology,99.54,117.4572
TEC-AC-10002926,Technology,199.96,235.9528
TEC-AC-10003441,Technology,27.12,32.001599999999996
TEC-PH-10003215,Technology,95.84,113.0912
TEC-PH-10003875,Technology,29.16,34.4088
TEC-AC-10002550,Technology,159.75,188.505
TEC-PH-10001557,Technology,153.584,181.22912
TEC-PH-10001459,Technology,1259.97,1486.7646
TEC-PH-10000923,Technology,59.96,70.7528
TEC-PH-10002549,Technology,361.376,426.42367999999993
TEC-AC-10002345,Technology,34.8,41.06399999999999
TEC-PH-10003963,Technology,617.97,729.2046
TEC-PH-10004586,Technology,575.92,679.5855999999999
TEC-PH-10002185,Technology,34.75,41.004999999999995
TEC-PH-10002350,Technology,55.98,66.0564
TEC-AC-10004975,Technology,109.95,129.74099999999999
TEC-AC-10003657,Technology,54.384,64.17312
TEC-AC-10004571,Technology,239.976,283.17168
TEC-CO-10001571,Technology,659.988,778.78584
TEC-PH-10000213,Technology,173.656,204.91407999999998
TEC-AC-10004708,Technology,62.85,74.163
TEC-PH-10001530,Technology,818.376,965.6836799999999
TEC-AC-10001284,Technology,62.31,73.5258
TEC-PH-10004536,Technology,269.98,318.5764
TEC-AC-10004864,Technology,116.832,137.86175999999998
TEC-PH-10003800,Technology,105.98,125.0564
TEC-PH-10003505,Technology,148.48,175.20639999999997
TEC-PH-10000526,Technology,537.544,634.30192
TEC-PH-10003963,Technology,659.168,777.81824
TEC-PH-10000193,Technology,110.352,130.21536
TEC-CO-10004202,Technology,479.984,566.3811199999999
TEC-PH-10002103,Technology,657.93,776.3573999999999
TEC-AC-10004469,Technology,239.7,282.84599999999995
TEC-PH-10002275,Technology,302.384,356.81312
TEC-AC-10003628,Technology,167.944,198.17391999999998
TEC-PH-10004093,Technology,45.99,54.2682
TEC-AC-10000109,Technology,134.376,158.56368
TEC-PH-10002415,Technology,589.9,696.0819999999999
TEC-CO-10001449,Technology,2879.952,3398.3433600000003
TEC-CO-10001943,Technology,1599.92,1887.9056
TEC-MA-10001972,Technology,558.4,658.9119999999999
TEC-AC-10001542,Technology,27.552,32.511359999999996
TEC-AC-10002335,Technology,69.98,82.5764
TEC-PH-10004042,Technology,635.96,750.4328
TEC-PH-10001079,Technology,118.99,140.4082
TEC-AC-10004877,Technology,82.8,97.704
TEC-PH-10003811,Technology,863.928,1019.43504
TEC-PH-10001305,Technology,440.91,520.2738
TEC-AC-10003628,Technology,71.976,84.93168
TEC-AC-10001284,Technology,62.31,73.5258
TEC-PH-10002200,Technology,344.704,406.75072
TEC-PH-10000441,Technology,201.584,237.86911999999998
TEC-AC-10000487,Technology,15.576,18.37968
TEC-AC-10003116,Technology,53.25,62.834999999999994
TEC-AC-10003657,Technology,67.98,80.21640000000001
TEC-MA-10001972,Technology,837.6,988.3679999999999
TEC-PH-10000169,Technology,40.68,48.002399999999994
TEC-AC-10002018,Technology,22.368,26.394239999999996
TEC-PH-10000984,Technology,783.96,925.0728
TEC-AC-10002473,Technology,113.52,133.9536
TEC-PH-10001809,Technology,359.88,424.6584
TEC-PH-10000486,Technology,742.336,875.9564799999999
TEC-PH-10004447,Technology,222.384,262.41312
TEC-AC-10004396,Technology,58.08,68.53439999999999
TEC-PH-10003988,Technology,43.6,51.448
TEC-PH-10003885,Technology,39.594,46.72092
TEC-PH-10004345,Technology,239.9,283.082
TEC-CO-10004115,Technology,1199.976,1415.97168
TEC-AC-10002402,Technology,383.952,453.06336
TEC-MA-10000752,Technology,30.345,35.8071
TEC-PH-10001700,Technology,158.376,186.88368
TEC-PH-10002115,Technology,263.96,311.47279999999995
TEC-PH-10001835,Technology,758.352,894.8553599999999
TEC-PH-10001425,Technology,239.97,283.1646
TEC-PH-10003437,Technology,89.988,106.18584
TEC-AC-10001267,Technology,119.8,141.36399999999998
TEC-AC-10004145,Technology,2249.91,2654.8938
TEC-AC-10003441,Technology,101.7,120.006
TEC-PH-10004875,Technology,9.588,11.313839999999999
TEC-PH-10001924,Technology,111.984,132.14112
TEC-PH-10000455,Technology,231.98,273.73639999999995
TEC-PH-10002890,Technology,90.48,106.7664
TEC-PH-10003356,Technology,16.776,19.795679999999997
TEC-PH-10001527,Technology,85.9,101.362
TEC-PH-10003357,Technology,61.192,72.20656
TEC-PH-10001944,Technology,467.04,551.1072
TEC-PH-10001527,Technology,128.85,152.04299999999998
TEC-AC-10004571,Technology,199.98,235.97639999999998
TEC-AC-10003198,Technology,717.12,846.2016
TEC-PH-10001336,Technology,773.94,913.2492
TEC-AC-10000199,Technology,19.04,22.4672
TEC-PH-10002200,Technology,689.408,813.50144
TEC-PH-10004120,Technology,109.592,129.31856
TEC-AC-10000736,Technology,79.99,94.38819999999998
TEC-AC-10002550,Technology,47.79,56.392199999999995
TEC-MA-10000045,Technology,2321.9,2739.842
TEC-PH-10002680,Technology,791.964,934.51752
TEC-PH-10004522,Technology,210.564,248.46551999999997
TEC-PH-10002584,Technology,1502.376,1772.80368
TEC-AC-10003832,Technology,772.47,911.5146
TEC-AC-10001465,Technology,72.64,85.7152
TEC-AC-10003832,Technology,772.47,911.5146
TEC-PH-10003012,Technology,461.97,545.1246
TEC-AC-10001606,Technology,239.976,283.17168
TEC-AC-10003441,Technology,33.9,40.001999999999995
TEC-AC-10003610,Technology,239.96,283.1528
TEC-PH-10001817,Technology,716.0,844.88
TEC-AC-10004901,Technology,79.984,94.38112
TEC-AC-10003198,Technology,398.4,470.11199999999997
TEC-PH-10000560,Technology,699.98,825.9764
TEC-PH-10000441,Technology,377.97,446.0046
TEC-PH-10004977,Technology,391.98,462.5364
TEC-AC-10002001,Technology,383.976,453.09168
TEC-CO-10001571,Technology,549.99,648.9882
TEC-PH-10001128,Technology,299.98,353.9764
TEC-AC-10004209,Technology,35.168,41.498239999999996
TEC-PH-10000562,Technology,466.158,550.06644
TEC-AC-10001101,Technology,10.312,12.168159999999999
TEC-PH-10000307,Technology,35.04,41.347199999999994
TEC-AC-10004633,Technology,16.776,19.795679999999997
TEC-AC-10000682,Technology,66.36,78.3048
TEC-MA-10002859,Technology,629.93,743.3173999999999
TEC-AC-10002926,Technology,99.98,117.9764
TEC-MA-10003979,Technology,2799.96,3303.9528
TEC-PH-10001536,Technology,16.99,20.048199999999998
TEC-PH-10000526,Technology,287.97,339.8046
TEC-PH-10001819,Technology,107.976,127.41167999999999
TEC-AC-10001956,Technology,119.9,141.482
TEC-PH-10001578,Technology,1214.85,1433.523
TEC-PH-10002584,Technology,1001.584,1181.8691199999998
TEC-PH-10001700,Technology,105.584,124.58912
TEC-PH-10001527,Technology,68.72,81.08959999999999
TEC-PH-10003645,Technology,258.576,305.11968
TEC-PH-10002789,Technology,748.752,883.5273599999999
TEC-AC-10001314,Technology,199.96,235.9528
TEC-AC-10004855,Technology,167.952,198.18336
TEC-PH-10003988,Technology,43.6,51.448
TEC-PH-10000895,Technology,431.976,509.73168
TEC-AC-10002857,Technology,41.72,49.2296
TEC-PH-10003555,Technology,114.95,135.641
TEC-AC-10003628,Technology,59.98,70.7764
TEC-PH-10001918,Technology,333.576,393.61968
TEC-AC-10002345,Technology,43.5,51.33
TEC-AC-10001314,Technology,249.95,294.941
TEC-PH-10000675,Technology,196.776,232.19568
TEC-AC-10002718,Technology,46.688,55.09184
TEC-MA-10003173,Technology,52.44,61.8792
TEC-AC-10004469,Technology,159.8,188.564
TEC-AC-10003038,Technology,44.75,52.805
TEC-AC-10002134,Technology,13.48,15.9064
TEC-PH-10002660,Technology,543.92,641.8255999999999
TEC-AC-10003033,Technology,1979.7,2336.046
TEC-PH-10002583,Technology,39.98,47.176399999999994
TEC-PH-10000149,Technology,31.92,37.6656
TEC-AC-10002018,Technology,13.98,16.4964
TEC-AC-10002637,Technology,899.95,1061.941
TEC-PH-10004922,Technology,267.96,316.1928
TEC-AC-10002550,Technology,31.95,37.701
TEC-PH-10002447,Technology,329.584,388.90912
TEC-AC-10004510,Technology,16.36,19.304799999999997
TEC-PH-10004539,Technology,151.192,178.40656
TEC-PH-10002923,Technology,88.776,104.75567999999998
TEC-AC-10004510,Technology,98.16,115.82879999999999
TEC-MA-10000423,Technology,105.552,124.55136
TEC-PH-10001760,Technology,358.2,422.676
TEC-PH-10000673,Technology,545.916,644.18088
TEC-PH-10001924,Technology,167.976,198.21168
TEC-AC-10004864,Technology,109.53,129.2454
TEC-AC-10000158,Technology,71.98,84.9364
TEC-AC-10000303,Technology,79.98,94.3764
TEC-PH-10002398,Technology,445.96,526.2328
TEC-AC-10003399,Technology,36.24,42.7632
TEC-AC-10004992,Technology,101.34,119.5812
TEC-PH-10003171,Technology,224.75,265.205
TEC-PH-10004188,Technology,39.984,47.18112
TEC-PH-10002103,Technology,150.384,177.45311999999998
TEC-PH-10002789,Technology,280.782,331.32275999999996
TEC-AC-10003289,Technology,31.984,37.74112
TEC-AC-10003870,Technology,1649.95,1946.941
TEC-AC-10000892,Technology,270.0,318.59999999999997
TEC-AC-10003198,Technology,99.6,117.52799999999999
TEC-PH-10003442,Technology,33.0,38.94
TEC-AC-10002800,Technology,249.95,294.941
TEC-AC-10001542,Technology,57.4,67.732
TEC-PH-10001336,Technology,103.192,121.76655999999998
TEC-AC-10002305,Technology,36.0,42.48
TEC-AC-10003610,Technology,239.96,283.1528
TEC-PH-10004897,Technology,23.976,28.291679999999996
TEC-AC-10004469,Technology,63.92,75.4256
TEC-AC-10004708,Technology,41.9,49.44199999999999
TEC-PH-10001817,Technology,859.2,1013.856
TEC-PH-10002185,Technology,11.12,13.121599999999999
TEC-PH-10001795,Technology,239.97,283.1646
TEC-PH-10001527,Technology,128.85,152.04299999999998
TEC-AC-10003870,Technology,1319.96,1557.5528
TEC-AC-10000580,Technology,255.968,302.04224
TEC-PH-10000011,Technology,79.96,94.35279999999999
TEC-PH-10001795,Technology,2479.96,2926.3528
TEC-AC-10001109,Technology,179.94,212.3292
TEC-AC-10003038,Technology,26.85,31.683
TEC-AC-10003174,Technology,323.37,381.5766
TEC-PH-10002807,Technology,126.56,149.3408
TEC-AC-10003447,Technology,139.93,165.1174
TEC-AC-10003832,Technology,79.512,93.82415999999999
TEC-CO-10001449,Technology,2999.95,3539.941
TEC-MA-10002109,Technology,209.986,247.78347999999997
TEC-CO-10001449,Technology,959.984,1132.7811199999999
TEC-PH-10001527,Technology,34.36,40.544799999999995
TEC-PH-10001870,Technology,36.738,43.35084
TEC-PH-10001809,Technology,179.94,212.3292
TEC-PH-10001468,Technology,546.06,644.3507999999999
TEC-PH-10000984,Technology,391.98,462.5364
TEC-PH-10001944,Technology,437.85,516.663
TEC-AC-10003023,Technology,142.488,168.13584
TEC-AC-10003033,Technology,659.9,778.6819999999999
TEC-AC-10002323,Technology,53.04,62.587199999999996
TEC-AC-10002049,Technology,843.9,995.8019999999999
TEC-AC-10002253,Technology,1496.16,1765.4688
TEC-AC-10001908,Technology,499.95,589.9409999999999
TEC-AC-10003063,Technology,100.0,118.0
TEC-AC-10002637,Technology,359.98,424.7764
TEC-AC-10001432,Technology,234.45,276.65099999999995
TEC-AC-10000474,Technology,284.97,336.26460000000003
TEC-AC-10000991,Technology,112.776,133.07567999999998
TEC-PH-10004833,Technology,28.68,33.8424
TEC-AC-10003095,Technology,389.97,460.1646
TEC-PH-10004522,Technology,140.376,165.64368
TEC-PH-10001552,Technology,57.408,67.74144
TEC-AC-10004877,Technology,27.6,32.568
TEC-PH-10001128,Technology,1049.93,1238.9174
TEC-PH-10004667,Technology,134.99,159.2882
TEC-AC-10004855,Technology,139.96,165.1528
TEC-AC-10003033,Technology,263.96,311.47279999999995
TEC-CO-10004115,Technology,2799.944,3303.93392
TEC-PH-10003092,Technology,36.792,43.41456
TEC-PH-10003655,Technology,5.94,7.0092
TEC-AC-10002049,Technology,619.95,731.541
TEC-PH-10003875,Technology,29.16,34.4088
TEC-AC-10000358,Technology,91.176,107.58767999999999
TEC-AC-10002800,Technology,159.968,188.76224
TEC-AC-10004171,Technology,899.91,1061.8937999999998
TEC-PH-10002922,Technology,946.344,1116.68592
TEC-AC-10003023,Technology,178.11,210.1698
TEC-MA-10004679,Technology,532.72,628.6096
TEC-PH-10002496,Technology,249.584,294.50912
TEC-AC-10002473,Technology,68.112,80.37216
TEC-AC-10004877,Technology,16.56,19.540799999999997
TEC-PH-10000923,Technology,74.95,88.441
TEC-CO-10002095,Technology,1999.96,2359.9528
TEC-MA-10000423,Technology,32.985,38.9223
TEC-PH-10004447,Technology,333.576,393.61968
TEC-AC-10003116,Technology,85.2,100.536
TEC-CO-10002313,Technology,599.99,707.9882
TEC-MA-10003329,Technology,71.976,84.93168
TEC-PH-10000895,Technology,575.968,679.6422399999999
TEC-PH-10000376,Technology,15.984,18.86112
TEC-PH-10001795,Technology,1487.976,1755.81168
TEC-AC-10002718,Technology,11.672,13.77296
TEC-PH-10002170,Technology,279.96,330.35279999999995
TEC-AC-10003095,Technology,519.96,613.5528
TEC-AC-10004396,Technology,72.6,85.66799999999999
TEC-PH-10004100,Technology,57.568,67.93024
TEC-PH-10003174,Technology,415.968,490.84224
TEC-CO-10001571,Technology,549.99,648.9882
TEC-AC-10003610,Technology,179.97,212.3646
TEC-AC-10003657,Technology,81.576,96.25967999999999
TEC-PH-10000673,Technology,259.96,306.7528
TEC-AC-10003441,Technology,16.95,20.000999999999998
TEC-PH-10002170,Technology,209.97,247.76459999999997
TEC-AC-10003033,Technology,659.9,778.6819999999999
TEC-PH-10000169,Technology,67.8,80.00399999999999
TEC-AC-10004975,Technology,1099.5,1297.4099999999999
TEC-PH-10001363,Technology,683.988,807.1058400000001
TEC-AC-10002018,Technology,16.776,19.795679999999997
TEC-AC-10003033,Technology,527.92,622.9455999999999
TEC-PH-10001198,Technology,177.48,209.42639999999997
TEC-PH-10002564,Technology,71.976,84.93168
TEC-PH-10003811,Technology,95.992,113.27056
TEC-AC-10001465,Technology,435.84,514.2911999999999
TEC-PH-10001700,Technology,211.168,249.17824
TEC-AC-10002399,Technology,95.1,112.21799999999999
TEC-AC-10004571,Technology,299.97,353.9646
TEC-PH-10001425,Technology,575.928,679.5950399999999
TEC-PH-10003171,Technology,107.88,127.29839999999999
TEC-PH-10004614,Technology,552.0,651.36
TEC-PH-10001700,Technology,369.544,436.06191999999993
TEC-PH-10001527,Technology,128.85,152.04299999999998
TEC-MA-10004002,Technology,2548.56,3007.3008
TEC-PH-10004345,Technology,287.88,339.6984
TEC-PH-10002885,Technology,4158.912,4907.51616
TEC-AC-10000158,Technology,71.98,84.9364
TEC-AC-10004855,Technology,69.98,82.5764
TEC-PH-10003589,Technology,71.96,84.91279999999999
TEC-PH-10001817,Technology,859.2,1013.856
TEC-MA-10001031,Technology,506.28,597.4104
TEC-AC-10004859,Technology,27.968,33.00224
TEC-CO-10004202,Technology,1199.96,1415.9528
TEC-MA-10003176,Technology,343.2,404.97599999999994
TEC-AC-10001432,Technology,468.9,553.3019999999999
TEC-AC-10003399,Technology,72.48,85.5264
TEC-AC-10000387,Technology,24.032,28.35776
TEC-AC-10002647,Technology,212.8,251.104
TEC-AC-10001465,Technology,72.64,85.7152
TEC-PH-10002885,Technology,1299.66,1533.5988
TEC-PH-10000215,Technology,104.85,123.72299999999998
TEC-AC-10001998,Technology,59.97,70.7646
TEC-AC-10004510,Technology,65.44,77.21919999999999
TEC-PH-10002114,Technology,2279.96,2690.3528
TEC-PH-10001425,Technology,191.976,226.53168
TEC-AC-10003038,Technology,44.75,52.805
TEC-AC-10003116,Technology,53.25,62.834999999999994
TEC-AC-10000521,Technology,27.696,32.68128
TEC-PH-10001336,Technology,257.98,304.4164
TEC-PH-10003484,Technology,201.584,237.86911999999998
TEC-AC-10004803,Technology,167.28,197.3904
TEC-PH-10004667,Technology,323.976,382.29168
TEC-AC-10002647,Technology,170.24,200.8832
TEC-AC-10003237,Technology,21.2,25.016
TEC-PH-10000369,Technology,629.95,743.341
TEC-PH-10002538,Technology,113.73,134.2014
TEC-PH-10004345,Technology,383.84,452.93119999999993
TEC-PH-10004165,Technology,329.988,389.38584
TEC-PH-10001536,Technology,50.97,60.1446
TEC-CO-10001766,Technology,1439.968,1699.16224
TEC-AC-10004396,Technology,43.56,51.4008
TEC-PH-10001305,Technology,235.152,277.47936
TEC-PH-10004897,Technology,29.97,35.364599999999996
TEC-PH-10001300,Technology,125.7,148.326
TEC-PH-10001557,Technology,191.98,226.5364
TEC-PH-10002923,Technology,88.776,104.75567999999998
TEC-PH-10004093,Technology,110.376,130.24368
TEC-AC-10000171,Technology,55.176,65.10768
TEC-PH-10000127,Technology,79.96,94.35279999999999
TEC-AC-10002018,Technology,13.98,16.4964
TEC-PH-10004922,Technology,200.97,237.1446
TEC-PH-10002496,Technology,311.98,368.1364
TEC-PH-10001448,Technology,39.992,47.19056
TEC-AC-10001284,Technology,116.312,137.24815999999998
TEC-AC-10004595,Technology,428.4,505.51199999999994
TEC-PH-10000148,Technology,20.784,24.525119999999998
TEC-PH-10001061,Technology,239.976,283.17168
TEC-PH-10002923,Technology,88.776,104.75567999999998
TEC-PH-10001305,Technology,195.96,231.2328
TEC-PH-10000923,Technology,14.99,17.6882
TEC-PH-10004071,Technology,39.96,47.1528
TEC-MA-10000423,Technology,65.97,77.8446
TEC-PH-10004908,Technology,339.96,401.15279999999996
TEC-PH-10003095,Technology,87.8,103.60399999999998
TEC-MA-10001047,Technology,5199.96,6135.9528
TEC-AC-10004469,Technology,119.85,141.42299999999997
TEC-PH-10001619,Technology,587.97,693.8046
TEC-PH-10002549,Technology,361.376,426.42367999999993
TEC-PH-10002922,Technology,337.98,398.8164
TEC-PH-10004100,Technology,86.352,101.89536
TEC-MA-10002073,Technology,1039.992,1227.1905599999998
TEC-PH-10004006,Technology,41.22,48.639599999999994
TEC-PH-10002262,Technology,119.02,140.44359999999998
TEC-AC-10002049,Technology,371.97,438.9246
TEC-AC-10004571,Technology,99.99,117.98819999999999
TEC-PH-10000141,Technology,158.376,186.88368
TEC-AC-10003628,Technology,47.984,56.62112
TEC-AC-10002331,Technology,62.592,73.85856
TEC-PH-10003601,Technology,824.95,973.441
TEC-PH-10001198,Technology,177.48,209.42639999999997
TEC-PH-10004071,Technology,7.992,9.43056
TEC-AC-10004510,Technology,98.16,115.82879999999999
TEC-PH-10002890,Technology,108.576,128.11968
TEC-AC-10002006,Technology,111.93,132.0774
TEC-CO-10004722,Technology,8399.976,9911.97168
TEC-PH-10004080,Technology,122.382,144.41076
TEC-PH-10002890,Technology,180.96,213.5328
TEC-PH-10004389,Technology,302.376,356.80367999999993
TEC-PH-10001750,Technology,158.376,186.88368
TEC-PH-10002468,Technology,135.99,160.4682
TEC-AC-10003280,Technology,89.97,106.1646
TEC-AC-10002331,Technology,68.46,80.7828
TEC-PH-10000441,Technology,629.95,743.341
TEC-PH-10001750,Technology,131.98,155.73639999999997
TEC-AC-10004510,Technology,114.52,135.1336
TEC-AC-10003832,Technology,205.992,243.07055999999997
TEC-PH-10000441,Technology,503.96,594.6727999999999
TEC-AC-10002942,Technology,110.4,130.272
TEC-MA-10003173,Technology,78.66,92.8188
TEC-PH-10003357,Technology,244.768,288.82624
TEC-AC-10002167,Technology,24.0,28.32
TEC-AC-10004510,Technology,26.176,30.887679999999996
TEC-AC-10003289,Technology,279.86,330.2348
TEC-PH-10001299,Technology,539.964,637.15752
TEC-PH-10001552,Technology,50.232,59.273759999999996
TEC-PH-10001336,Technology,206.384,243.53311999999997
TEC-PH-10002310,Technology,59.994,70.79292
TEC-CO-10002095,Technology,1999.96,2359.9528
TEC-AC-10004595,Technology,142.8,168.504
TEC-AC-10001539,Technology,399.95,471.941
TEC-PH-10004042,Technology,158.99,187.6082
TEC-PH-10003171,Technology,107.88,127.29839999999999
TEC-AC-10001606,Technology,319.968,377.56224
TEC-AC-10000474,Technology,227.976,269.01168
TEC-MA-10004255,Technology,319.92,377.5056
TEC-AC-10000990,Technology,1049.44,1238.3392
TEC-PH-10001615,Technology,173.94,205.24919999999997
TEC-PH-10000895,Technology,1007.944,1189.37392
TEC-AC-10003610,Technology,179.97,212.3646
TEC-PH-10002660,Technology,271.96,320.91279999999995
TEC-PH-10000347,Technology,19.8,23.364
TEC-PH-10003885,Technology,211.168,249.17824
TEC-MA-10002428,Technology,371.976,438.93168
TEC-PH-10002103,Technology,469.95,554.5409999999999
TEC-MA-10001127,Technology,6999.96,8259.9528
TEC-PH-10000011,Technology,279.86,330.2348
TEC-AC-10001838,Technology,199.99,235.9882
TEC-PH-10004977,Technology,627.168,740.05824
TEC-AC-10001714,Technology,79.78,94.1404
TEC-PH-10000576,Technology,438.368,517.27424
TEC-PH-10004188,Technology,139.944,165.13392
TEC-CO-10001943,Technology,319.984,377.58111999999994
TEC-PH-10004447,Technology,333.576,393.61968
TEC-AC-10001114,Technology,31.992,37.75056
TEC-AC-10004859,Technology,87.4,103.132
TEC-MA-10002930,Technology,83.9,99.002
TEC-AC-10000990,Technology,393.54,464.3772
TEC-AC-10004568,Technology,111.96,132.1128
TEC-AC-10002006,Technology,47.97,56.6046
TEC-PH-10002468,Technology,217.584,256.74912
TEC-PH-10003931,Technology,143.976,169.89167999999998
TEC-PH-10003505,Technology,519.68,613.2223999999999
TEC-AC-10004510,Technology,39.264,46.33152
TEC-AC-10000057,Technology,149.95,176.94099999999997
TEC-AC-10001606,Technology,479.952,566.34336
TEC-PH-10004389,Technology,629.95,743.341
TEC-PH-10004522,Technology,116.98,138.0364
TEC-PH-10002115,Technology,395.94,467.20919999999995
TEC-MA-10003230,Technology,1362.9,1608.222
TEC-AC-10002800,Technology,449.91,530.8938
TEC-PH-10001051,Technology,239.976,283.17168
TEC-MA-10003356,Technology,269.97,318.56460000000004
TEC-AC-10002217,Technology,45.12,53.24159999999999
TEC-AC-10004353,Technology,100.8,118.94399999999999
TEC-AC-10002800,Technology,99.98,117.9764
TEC-MA-10002930,Technology,12.585,14.8503
TEC-MA-10001681,Technology,241.17,284.58059999999995
TEC-CO-10004722,Technology,17499.95,20649.941
TEC-PH-10001750,Technology,197.97,233.60459999999998
TEC-AC-10004803,Technology,27.88,32.898399999999995
TEC-PH-10003505,Technology,371.2,438.01599999999996
TEC-AC-10004877,Technology,20.7,24.426
TEC-PH-10001924,Technology,55.992,66.07056
TEC-PH-10003601,Technology,494.97,584.0646
TEC-AC-10001383,Technology,274.89,324.37019999999995
TEC-PH-10003555,Technology,91.96,108.51279999999998
TEC-AC-10000844,Technology,254.97,300.8646
TEC-PH-10003187,Technology,31.984,37.74112
TEC-AC-10001314,Technology,119.976,141.57168
TEC-AC-10003499,Technology,37.056,43.726079999999996
TEC-PH-10003580,Technology,259.896,306.67728
TEC-PH-10001552,Technology,95.68,112.9024
TEC-PH-10002447,Technology,411.98,486.1364
TEC-AC-10002402,Technology,559.93,660.7173999999999
TEC-CO-10001449,Technology,2399.96,2831.9528
TEC-PH-10002584,Technology,1001.584,1181.8691199999998
TEC-AC-10001714,Technology,159.56,188.2808
TEC-PH-10002844,Technology,55.984,66.06112
TEC-PH-10003012,Technology,862.344,1017.56592
TEC-PH-10002070,Technology,13.494,15.92292
TEC-PH-10002583,Technology,23.988,28.305839999999996
TEC-AC-10001767,Technology,95.976,113.25168
TEC-AC-10004420,Technology,479.72,566.0696
TEC-PH-10004094,Technology,623.96,736.2728
TEC-MA-10002790,Technology,479.988,566.3858399999999
TEC-PH-10000369,Technology,503.96,594.6727999999999
TEC-AC-10000358,Technology,75.98,89.6564
TEC-PH-10004165,Technology,824.97,973.4646
TEC-AC-10000109,Technology,89.584,105.70912
TEC-PH-10002415,Technology,471.92,556.8656
TEC-PH-10002564,Technology,59.98,70.7764
TEC-PH-10002365,Technology,8.78,10.360399999999998
TEC-PH-10002890,Technology,226.2,266.916
TEC-AC-10000710,Technology,32.96,38.8928
TEC-PH-10000984,Technology,587.97,693.8046
TEC-PH-10000149,Technology,143.64,169.49519999999998
TEC-PH-10002538,Technology,227.46,268.4028
TEC-AC-10002305,Technology,36.0,42.48
TEC-CO-10004202,Technology,479.984,566.3811199999999
TEC-CO-10001943,Technology,599.97,707.9646
TEC-AC-10001908,Technology,399.96,471.95279999999997
TEC-AC-10000057,Technology,119.96,141.5528
TEC-AC-10002049,Technology,1012.68,1194.9624
TEC-PH-10002549,Technology,1626.192,1918.90656
TEC-PH-10001809,Technology,119.96,141.5528
TEC-AC-10001908,Technology,479.952,566.34336
TEC-AC-10001553,Technology,122.328,144.34704
TEC-PH-10004774,Technology,25.98,30.656399999999998
TEC-AC-10004209,Technology,35.168,41.498239999999996
TEC-PH-10002624,Technology,1879.96,2218.3528
TEC-PH-10001819,Technology,89.98,106.1764
TEC-AC-10002473,Technology,113.52,133.9536
TEC-PH-10002555,Technology,776.85,916.683
TEC-PH-10001578,Technology,971.88,1146.8183999999999
TEC-PH-10004447,Technology,222.384,262.41312
TEC-AC-10000158,Technology,107.97,127.40459999999999
TEC-AC-10000158,Technology,143.96,169.8728
TEC-CO-10002313,Technology,2399.96,2831.9528
TEC-PH-10001644,Technology,89.97,106.1646
TEC-AC-10003063,Technology,40.0,47.199999999999996
TEC-PH-10004908,Technology,203.976,240.69168
TEC-PH-10004614,Technology,138.0,162.84
TEC-PH-10001944,Technology,116.76,137.7768
TEC-MA-10002930,Technology,369.16,435.60880000000003
TEC-AC-10000844,Technology,339.96,401.15279999999996
TEC-PH-10000193,Technology,137.94,162.76919999999998
TEC-AC-10003441,Technology,40.68,48.002399999999994
TEC-PH-10004093,Technology,110.376,130.24368
TEC-AC-10003033,Technology,1319.8,1557.3639999999998
TEC-MA-10000904,Technology,341.991,403.54938
TEC-AC-10001874,Technology,119.98,141.5764
TEC-AC-10003870,Technology,989.97,1168.1646
TEC-PH-10000441,Technology,125.99,148.66819999999998
TEC-PH-10003988,Technology,32.7,38.586
TEC-PH-10004908,Technology,339.96,401.15279999999996
TEC-AC-10004171,Technology,799.92,943.9055999999999
TEC-PH-10002070,Technology,35.984,42.46112
TEC-AC-10003095,Technology,389.97,460.1646
TEC-AC-10003832,Technology,185.528,218.92304
TEC-MA-10001148,Technology,599.985,707.9823
TEC-AC-10003614,Technology,46.36,54.7048
TEC-AC-10004877,Technology,6.9,8.142
TEC-MA-10002210,Technology,559.71,660.4578
TEC-MA-10001856,Technology,649.0,765.8199999999999
TEC-AC-10002305,Technology,72.0,84.96
TEC-PH-10001817,Technology,286.4,337.95199999999994
TEC-PH-10002310,Technology,979.95,1156.341
TEC-AC-10004353,Technology,100.8,118.94399999999999
TEC-MA-10001148,Technology,1279.968,1510.36224
TEC-PH-10001433,Technology,61.542,72.61955999999999
TEC-AC-10002049,Technology,843.9,995.8019999999999
TEC-PH-10003555,Technology,73.568,86.81024
TEC-AC-10001772,Technology,111.79,131.9122
TEC-PH-10003505,Technology,445.44,525.6192
TEC-PH-10002170,Technology,251.964,297.31752
TEC-PH-10004539,Technology,340.182,401.41476
TEC-PH-10001336,Technology,257.98,304.4164
TEC-PH-10001644,Technology,149.95,176.94099999999997
TEC-PH-10004897,Technology,29.97,35.364599999999996
TEC-AC-10002857,Technology,23.84,28.1312
TEC-AC-10001314,Technology,99.98,117.9764
TEC-PH-10001619,Technology,156.792,185.01456
TEC-AC-10002323,Technology,35.36,41.724799999999995
TEC-AC-10000474,Technology,379.96,448.35279999999995
TEC-PH-10001494,Technology,539.91,637.0937999999999
TEC-MA-10001148,Technology,449.1,529.938
TEC-PH-10002415,Technology,1415.76,1670.5967999999998
TEC-PH-10003505,Technology,148.48,175.20639999999997
TEC-PH-10002033,Technology,569.64,672.1751999999999
TEC-CO-10001943,Technology,639.968,755.1622399999999
TEC-AC-10002076,Technology,538.92,635.9255999999999
TEC-CO-10000971,Technology,1499.95,1769.941
TEC-PH-10004977,Technology,391.98,462.5364
TEC-PH-10004539,Technology,755.96,892.0328
TEC-AC-10004145,Technology,2249.91,2654.8938
TEC-PH-10002583,Technology,119.94,141.5292
TEC-AC-10000991,Technology,140.97,166.34459999999999
TEC-PH-10004977,Technology,470.376,555.04368
TEC-PH-10002447,Technology,164.792,194.45456
TEC-PH-10001615,Technology,46.384,54.73312
TEC-PH-10000560,Technology,1889.946,2230.1362799999997
TEC-AC-10001013,Technology,146.45,172.81099999999998
TEC-CO-10001046,Technology,1399.98,1651.9764
TEC-PH-10000213,Technology,49.616,58.546879999999994
TEC-PH-10004833,Technology,57.36,67.6848
TEC-PH-10001128,Technology,719.952,849.54336
TEC-PH-10004667,Technology,755.944,892.0139199999999
TEC-PH-10004447,Technology,833.94,984.0492
TEC-AC-10001714,Technology,63.824,75.31232
TEC-AC-10001998,Technology,47.976,56.61167999999999
TEC-AC-10000865,Technology,236.0,278.47999999999996
TEC-AC-10000023,Technology,41.94,49.4892
TEC-PH-10001750,Technology,52.792,62.29456
TEC-PH-10000730,Technology,3499.93,4129.917399999999
TEC-PH-10002103,Technology,225.576,266.17967999999996
TEC-MA-10004086,Technology,29.925,35.3115
TEC-AC-10004633,Technology,55.92,65.9856
TEC-PH-10004100,Technology,71.96,84.91279999999999
TEC-PH-10001580,Technology,539.92,637.1055999999999
TEC-AC-10002718,Technology,23.344,27.54592
TEC-PH-10001819,Technology,251.944,297.29391999999996
TEC-MA-10001695,Technology,703.71,830.3778
TEC-AC-10001553,Technology,67.96,80.19279999999999
TEC-MA-10002073,Technology,1299.99,1533.9882
TEC-AC-10001552,Technology,119.448,140.94863999999998
TEC-CO-10001449,Technology,5399.91,6371.8938
TEC-AC-10003095,Technology,259.98,306.7764
TEC-AC-10002331,Technology,23.472,27.69696
TEC-AC-10002049,Technology,1687.8,1991.6039999999998
TEC-PH-10002584,Technology,625.99,738.6682
TEC-AC-10004518,Technology,160.0,188.79999999999998
TEC-PH-10001051,Technology,319.968,377.56224
TEC-CO-10002313,Technology,1199.98,1415.9764
TEC-PH-10002170,Technology,209.97,247.76459999999997
TEC-AC-10003911,Technology,479.97,566.3646
TEC-AC-10001553,Technology,40.776,48.115680000000005
TEC-PH-10003095,Technology,87.8,103.60399999999998
TEC-AC-10001553,Technology,40.776,48.115680000000005
TEC-AC-10001114,Technology,159.96,188.7528
TEC-AC-10002637,Technology,431.976,509.73168
TEC-PH-10003589,Technology,89.95,106.14099999999999
TEC-AC-10000474,Technology,94.99,112.08819999999999
TEC-PH-10003095,Technology,35.12,41.441599999999994
TEC-PH-10004539,Technology,566.97,669.0246
TEC-AC-10004761,Technology,25.488,30.07584
TEC-PH-10002496,Technology,467.97,552.2046
TEC-AC-10003174,Technology,431.16,508.7688
TEC-PH-10003988,Technology,43.6,51.448
TEC-PH-10002885,Technology,1039.728,1226.87904
TEC-MA-10000418,Technology,4499.985,5309.9823
TEC-AC-10000926,Technology,59.976,70.77167999999999
TEC-PH-10004924,Technology,29.56,34.880799999999994
TEC-AC-10001383,Technology,39.984,47.18112
TEC-PH-10000526,Technology,307.168,362.45824
TEC-PH-10002624,Technology,469.99,554.5882
TEC-PH-10004080,Technology,108.784,128.36512
TEC-PH-10000307,Technology,17.52,20.673599999999997
TEC-AC-10002800,Technology,149.97,176.9646
TEC-PH-10004042,Technology,508.768,600.34624
TEC-PH-10003174,Technology,311.976,368.13167999999996
TEC-PH-10001552,Technology,19.136,22.580479999999998
TEC-PH-10001494,Technology,479.92,566.3056
TEC-AC-10002567,Technology,159.98,188.77639999999997
TEC-PH-10002496,Technology,1871.88,2208.8184
TEC-AC-10001266,Technology,52.0,61.36
TEC-PH-10003505,Technology,464.0,547.52
TEC-AC-10003038,Technology,17.9,21.121999999999996
TEC-AC-10002167,Technology,24.0,28.32
TEC-AC-10002006,Technology,76.752,90.56736
TEC-AC-10002006,Technology,102.336,120.75648
TEC-AC-10001838,Technology,399.98,471.9764
TEC-AC-10003709,Technology,1.584,1.86912
TEC-MA-10003673,Technology,3404.5,4017.31
TEC-AC-10004992,Technology,101.34,119.5812
TEC-AC-10001090,Technology,59.98,70.7764
TEC-PH-10000526,Technology,383.96,453.0728
TEC-AC-10003433,Technology,2.97,3.5046
TEC-PH-10001363,Technology,569.99,672.5882
TEC-PH-10002564,Technology,71.976,84.93168
TEC-PH-10002200,Technology,861.76,1016.8767999999999
TEC-PH-10000702,Technology,7.992,9.43056
TEC-PH-10002583,Technology,15.992,18.87056
TEC-PH-10003580,Technology,519.792,613.35456
TEC-AC-10004227,Technology,31.176,36.787679999999995
TEC-PH-10002680,Technology,659.97,778.7646
TEC-PH-10002538,Technology,113.73,134.2014
TEC-PH-10003589,Technology,89.95,106.14099999999999
TEC-AC-10003433,Technology,1.98,2.3364
TEC-AC-10000521,Technology,18.464,21.787519999999997
TEC-AC-10004469,Technology,199.75,235.70499999999998
TEC-PH-10003885,Technology,263.96,311.47279999999995
TEC-AC-10002926,Technology,299.94,353.9292
TEC-PH-10004434,Technology,271.9,320.842
TEC-PH-10002070,Technology,125.944,148.61392
TEC-AC-10002167,Technology,120.0,141.6
TEC-PH-10001700,Technology,52.792,62.29456
TEC-AC-10001998,Technology,19.99,23.588199999999997
TEC-AC-10002323,Technology,106.08,125.17439999999999
TEC-AC-10000682,Technology,33.18,39.1524
TEC-AC-10001772,Technology,63.88,75.3784
TEC-PH-10003589,Technology,43.176,50.94768
TEC-PH-10000586,Technology,263.96,311.47279999999995
TEC-PH-10003811,Technology,359.97,424.76460000000003
TEC-AC-10002567,Technology,239.97,283.1646
TEC-AC-10001590,Technology,75.0,88.5
TEC-AC-10000991,Technology,234.95,277.241
TEC-AC-10003038,Technology,26.85,31.683
TEC-MA-10000984,Technology,3357.6,3961.968
TEC-MA-10004002,Technology,2973.32,3508.5176
TEC-PH-10003645,Technology,775.728,915.3590399999999
TEC-PH-10000038,Technology,438.336,517.23648
TEC-CO-10001766,Technology,1079.976,1274.37168
TEC-AC-10003499,Technology,18.528,21.863039999999998
TEC-AC-10000023,Technology,41.94,49.4892
TEC-PH-10001448,Technology,159.968,188.76224
TEC-CO-10004722,Technology,13999.96,16519.9528
TEC-AC-10002842,Technology,238.0,280.84
TEC-AC-10002842,Technology,595.0,702.0999999999999
TEC-AC-10004469,Technology,199.75,235.70499999999998
TEC-PH-10003012,Technology,307.98,363.4164
TEC-AC-10001465,Technology,108.96,128.57279999999997
TEC-AC-10000474,Technology,474.95,560.4409999999999
TEC-CO-10002095,Technology,999.98,1179.9764
TEC-PH-10002923,Technology,110.97,130.94459999999998
TEC-AC-10004568,Technology,89.568,105.69023999999999
TEC-PH-10004165,Technology,549.98,648.9764
TEC-MA-10000045,Technology,4643.8,5479.684
TEC-AC-10001109,Technology,89.97,106.1646
TEC-AC-10002842,Technology,357.0,421.26
TEC-PH-10003691,Technology,806.336,951.4764799999999
TEC-PH-10001795,Technology,743.988,877.90584
TEC-CO-10000971,Technology,299.99,353.9882
TEC-PH-10002538,Technology,242.624,286.29632
TEC-AC-10000397,Technology,174.95,206.44099999999997
TEC-PH-10000376,Technology,19.98,23.5764
TEC-PH-10002584,Technology,2003.168,2363.7382399999997
TEC-MA-10004241,Technology,600.53,708.6253999999999
TEC-AC-10003198,Technology,637.44,752.1792
TEC-AC-10002473,Technology,158.928,187.53503999999998
TEC-PH-10001809,Technology,299.9,353.88199999999995
TEC-AC-10000109,Technology,111.98,132.1364
TEC-AC-10003870,Technology,1649.95,1946.941
TEC-PH-10003092,Technology,73.584,86.82912
TEC-PH-10001459,Technology,2939.93,3469.1173999999996
TEC-PH-10001750,Technology,158.376,186.88368
TEC-AC-10002370,Technology,7.88,9.298399999999999
TEC-AC-10003198,Technology,498.0,587.64
TEC-PH-10001300,Technology,209.5,247.20999999999998
TEC-PH-10000586,Technology,105.584,124.58912
TEC-AC-10003399,Technology,217.44,256.57919999999996
TEC-PH-10002624,Technology,751.984,887.34112
TEC-PH-10002275,Technology,604.768,713.62624
TEC-PH-10003800,Technology,84.784,100.04512
TEC-AC-10003447,Technology,59.97,70.7646
TEC-PH-10000193,Technology,137.94,162.76919999999998
TEC-AC-10002473,Technology,141.9,167.442
TEC-AC-10002942,Technology,165.6,195.408
TEC-AC-10004171,Technology,199.98,235.97639999999998
TEC-AC-10002167,Technology,45.0,53.099999999999994
TEC-AC-10004227,Technology,62.352,73.57535999999999
TEC-AC-10002550,Technology,25.488,30.07584
TEC-PH-10000213,Technology,49.616,58.546879999999994
TEC-PH-10004586,Technology,431.94,509.68919999999997
TEC-PH-10002538,Technology,68.238,80.52083999999999
TEC-PH-10001459,Technology,1679.96,1982.3528
TEC-PH-10001918,Technology,222.384,262.41312
TEC-PH-10003273,Technology,302.376,356.80367999999993
TEC-AC-10002718,Technology,46.688,55.09184
TEC-AC-10002473,Technology,45.408,53.58144
TEC-MA-10004552,Technology,1035.8,1222.244
TEC-PH-10004100,Technology,35.98,42.456399999999995
TEC-MA-10001127,Technology,8749.95,10324.941
TEC-CO-10001943,Technology,479.976,566.37168
TEC-AC-10002942,Technology,165.6,195.408
TEC-AC-10002001,Technology,479.97,566.3646
TEC-PH-10000376,Technology,15.984,18.86112
TEC-AC-10004633,Technology,27.96,32.9928
TEC-AC-10004761,Technology,175.23,206.77139999999997
TEC-PH-10003691,Technology,125.99,148.66819999999998
TEC-PH-10000148,Technology,12.99,15.328199999999999
TEC-PH-10004348,Technology,44.376,52.363679999999995
TEC-AC-10004571,Technology,159.984,188.78112
TEC-AC-10002217,Technology,56.4,66.55199999999999
TEC-CO-10000971,Technology,479.984,566.3811199999999
TEC-AC-10004571,Technology,199.98,235.97639999999998
TEC-AC-10001266,Technology,39.0,46.019999999999996
TEC-CO-10004202,Technology,719.976,849.5716799999999
TEC-AC-10000927,Technology,239.92,283.1056
TEC-AC-10002567,Technology,447.944,528.57392
TEC-PH-10004539,Technology,453.576,535.21968
TEC-PH-10004345,Technology,287.88,339.6984
TEC-PH-10004912,Technology,131.88,155.61839999999998
TEC-PH-10002350,Technology,67.176,79.26768
TEC-CO-10004202,Technology,479.984,566.3811199999999
TEC-MA-10004679,Technology,998.85,1178.643
TEC-AC-10004227,Technology,20.784,24.525119999999998
TEC-AC-10003832,Technology,1287.45,1519.191
TEC-AC-10002567,Technology,191.976,226.53168
TEC-PH-10004094,Technology,499.168,589.01824
TEC-PH-10004908,Technology,475.944,561.61392
TEC-AC-10002217,Technology,30.08,35.4944
TEC-AC-10002942,Technology,165.6,195.408
TEC-PH-10002890,Technology,180.96,213.5328
TEC-AC-10003614,Technology,23.18,27.3524
TEC-AC-10000682,Technology,82.95,97.881
TEC-AC-10002001,Technology,479.97,566.3646
TEC-AC-10004568,Technology,111.96,132.1128
TEC-AC-10002305,Technology,90.0,106.19999999999999
TEC-AC-10000736,Technology,399.95,471.941
TEC-AC-10001606,Technology,199.98,235.97639999999998
TEC-AC-10003399,Technology,144.96,171.0528
TEC-AC-10000865,Technology,118.0,139.23999999999998
TEC-PH-10001336,Technology,619.152,730.59936
TEC-MA-10000752,Technology,11.56,13.6408
TEC-AC-10001714,Technology,159.56,188.2808
TEC-AC-10002550,Technology,47.79,56.392199999999995
TEC-AC-10001445,Technology,21.21,25.0278
TEC-PH-10003580,Technology,259.896,306.67728
TEC-PH-10001530,Technology,247.188,291.68183999999997
TEC-AC-10000420,Technology,279.96,330.35279999999995
TEC-AC-10000892,Technology,450.0,531.0
TEC-PH-10001051,Technology,239.976,283.17168
TEC-PH-10000560,Technology,2239.936,2643.12448
TEC-PH-10004100,Technology,115.136,135.86048
TEC-PH-10004188,Technology,79.968,94.36224
TEC-PH-10000004,Technology,71.952,84.90335999999999
TEC-AC-10002370,Technology,4.728,5.579039999999999
TEC-AC-10004227,Technology,72.744,85.83792
TEC-AC-10003832,Technology,1287.45,1519.191
TEC-PH-10001924,Technology,83.988,99.10584
TEC-AC-10002323,Technology,53.04,62.587199999999996
TEC-MA-10002109,Technology,239.984,283.18112
TEC-PH-10004922,Technology,133.98,158.0964
TEC-PH-10001198,Technology,177.48,209.42639999999997
TEC-AC-10000892,Technology,288.0,339.84
TEC-PH-10001870,Technology,146.952,173.40336
TEC-PH-10001305,Technology,195.96,231.2328
TEC-AC-10000844,Technology,271.968,320.92224
TEC-PH-10001557,Technology,537.544,634.30192
TEC-PH-10001944,Technology,583.8,688.8839999999999
TEC-PH-10002085,Technology,211.168,249.17824
TEC-PH-10002555,Technology,1294.75,1527.8049999999998
TEC-CO-10001449,Technology,1799.97,2123.9646
TEC-PH-10000562,Technology,221.98,261.9364
TEC-AC-10003614,Technology,34.77,41.028600000000004
TEC-PH-10002807,Technology,118.65,140.007
TEC-PH-10003012,Technology,307.98,363.4164
TEC-CO-10003236,Technology,959.984,1132.7811199999999
TEC-PH-10003171,Technology,89.9,106.08200000000001
TEC-AC-10004171,Technology,299.97,353.9646
TEC-AC-10003628,Technology,89.97,106.1646
TEC-AC-10004761,Technology,31.86,37.5948
TEC-PH-10003505,Technology,74.24,87.60319999999999
TEC-AC-10003832,Technology,617.976,729.21168
TEC-AC-10002335,Technology,209.94,247.7292
TEC-PH-10003187,Technology,31.984,37.74112
TEC-PH-10003171,Technology,35.96,42.4328
TEC-PH-10002185,Technology,11.12,13.121599999999999
TEC-MA-10003176,Technology,686.4,809.9519999999999
TEC-MA-10002694,Technology,101.994,120.35292
TEC-MA-10004626,Technology,480.0,566.4
TEC-AC-10000736,Technology,239.97,283.1646
TEC-AC-10003038,Technology,50.12,59.1416
TEC-PH-10004071,Technology,15.984,18.86112
TEC-PH-10003072,Technology,449.97,530.9646
TEC-PH-10004614,Technology,165.6,195.408
TEC-PH-10003601,Technology,494.97,584.0646
TEC-AC-10001635,Technology,30.84,36.3912
TEC-PH-10001552,Technology,66.976,79.03168
TEC-AC-10000303,Technology,95.976,113.25168
TEC-PH-10000127,Technology,143.928,169.83504
TEC-AC-10000736,Technology,159.98,188.77639999999997
TEC-PH-10003095,Technology,52.68,62.1624
TEC-PH-10004241,Technology,1439.968,1699.16224
TEC-PH-10001061,Technology,239.976,283.17168
TEC-AC-10002331,Technology,29.34,34.621199999999995
TEC-AC-10001908,Technology,1119.888,1321.4678399999998
TEC-PH-10004908,Technology,135.984,160.46112
TEC-MA-10003337,Technology,179.991,212.38938000000002
TEC-AC-10001013,Technology,46.864,55.299519999999994
TEC-MA-10004626,Technology,120.0,141.6
TEC-PH-10003437,Technology,299.96,353.95279999999997
TEC-AC-10000057,Technology,89.97,106.1646
TEC-AC-10000892,Technology,72.0,84.96
TEC-PH-10004531,Technology,151.188,178.40183999999996
TEC-AC-10003023,Technology,47.496,56.04528
TEC-PH-10001700,Technology,105.584,124.58912
TEC-CO-10003763,Technology,4899.93,5781.9174
TEC-AC-10004708,Technology,104.75,123.60499999999999
TEC-AC-10003499,Technology,18.528,21.863039999999998
TEC-PH-10004531,Technology,35.184,41.51711999999999
TEC-AC-10000199,Technology,5.95,7.021
TEC-AC-10001767,Technology,239.94,283.12919999999997
TEC-AC-10004353,Technology,100.8,118.94399999999999
TEC-AC-10001314,Technology,99.98,117.9764
TEC-AC-10002018,Technology,20.97,24.7446
TEC-AC-10000397,Technology,139.96,165.1528
TEC-AC-10003657,Technology,108.768,128.34624
TEC-PH-10003555,Technology,55.176,65.10768
TEC-AC-10003911,Technology,479.97,566.3646
TEC-AC-10000358,Technology,189.95,224.14099999999996
TEC-AC-10000057,Technology,149.95,176.94099999999997
TEC-PH-10004100,Technology,28.784,33.96512
TEC-AC-10004209,Technology,21.98,25.9364
TEC-AC-10000521,Technology,23.08,27.234399999999997
TEC-PH-10002890,Technology,90.48,106.7664
TEC-AC-10000109,Technology,279.95,330.34099999999995
TEC-AC-10003280,Technology,89.97,106.1646
TEC-PH-10002564,Technology,143.952,169.86336
TEC-PH-10001433,Technology,246.168,290.47823999999997
TEC-PH-10001299,Technology,299.98,353.9764
TEC-PH-10001300,Technology,41.9,49.44199999999999
TEC-PH-10002085,Technology,369.544,436.06191999999993
TEC-AC-10003033,Technology,791.88,934.4183999999999
TEC-MA-10001016,Technology,287.91,339.73380000000003
TEC-AC-10003095,Technology,207.984,245.42112
TEC-AC-10001542,Technology,22.96,27.0928
TEC-PH-10004094,Technology,623.96,736.2728
TEC-PH-10001817,Technology,429.6,506.928
TEC-PH-10004447,Technology,555.96,656.0328
TEC-PH-10002890,Technology,180.96,213.5328
TEC-AC-10000844,Technology,475.944,561.61392
TEC-AC-10002402,Technology,159.98,188.77639999999997
TEC-PH-10003988,Technology,43.6,51.448
TEC-PH-10004094,Technology,1123.128,1325.2910399999998
TEC-AC-10002926,Technology,99.98,117.9764
TEC-AC-10002345,Technology,23.2,27.375999999999998
TEC-AC-10002473,Technology,255.42,301.39559999999994
TEC-AC-10003433,Technology,2.376,2.8036799999999995
TEC-MA-10000984,Technology,4476.8,5282.624
TEC-PH-10002564,Technology,71.976,84.93168
TEC-PH-10003356,Technology,13.98,16.4964
TEC-PH-10002415,Technology,707.88,835.2983999999999
TEC-AC-10004803,Technology,55.76,65.79679999999999
TEC-AC-10000290,Technology,21.728,25.63904
TEC-PH-10002200,Technology,344.704,406.75072
TEC-AC-10002550,Technology,102.24,120.6432
TEC-PH-10001817,Technology,1432.0,1689.76
TEC-AC-10000682,Technology,39.816,46.98288
TEC-PH-10001530,Technology,1091.168,1287.5782399999998
TEC-PH-10003691,Technology,881.93,1040.6773999999998
TEC-AC-10001114,Technology,199.95,235.94099999999997
TEC-PH-10001835,Technology,631.96,745.7128
TEC-AC-10001267,Technology,47.92,56.5456
TEC-AC-10003590,Technology,41.424,48.88032
TEC-PH-10003357,Technology,244.768,288.82624
TEC-PH-10001870,Technology,97.968,115.60224
TEC-AC-10002558,Technology,45.48,53.666399999999996
TEC-PH-10000141,Technology,118.782,140.16276
TEC-AC-10002076,Technology,47.904,56.526720000000005
TEC-PH-10002033,Technology,455.712,537.74016
TEC-PH-10001817,Technology,859.2,1013.856
TEC-PH-10001305,Technology,117.576,138.73968
TEC-PH-10000526,Technology,57.594,67.96092
TEC-PH-10003437,Technology,419.944,495.53391999999997
TEC-AC-10003063,Technology,50.0,59.0
TEC-AC-10003237,Technology,31.8,37.524
TEC-PH-10004700,Technology,7.992,9.43056
TEC-PH-10003484,Technology,629.95,743.341
TEC-PH-10003072,Technology,1349.91,1592.8938
TEC-MA-10003626,Technology,574.91,678.3937999999999
TEC-AC-10002842,Technology,1071.0,1263.78
TEC-PH-10004094,Technology,249.584,294.50912
TEC-PH-10000441,Technology,604.752,713.6073599999999
TEC-PH-10004531,Technology,302.376,356.80367999999993
TEC-AC-10002167,Technology,45.0,53.099999999999994
TEC-PH-10004165,Technology,1099.96,1297.9528
TEC-AC-10002217,Technology,30.08,35.4944
TEC-AC-10001142,Technology,252.8,298.304
TEC-PH-10001079,Technology,285.576,336.97968000000003
TEC-PH-10000576,Technology,219.184,258.63712
TEC-PH-10003215,Technology,95.84,113.0912
TEC-PH-10003555,Technology,36.784,43.40512
TEC-MA-10003493,Technology,91.475,107.94049999999999
TEC-AC-10002380,Technology,27.192,32.08656
TEC-PH-10002583,Technology,15.992,18.87056
TEC-PH-10004922,Technology,321.552,379.43136
TEC-PH-10001448,Technology,99.98,117.9764
TEC-AC-10001838,Technology,319.984,377.58111999999994
TEC-PH-10001817,Technology,572.8,675.9039999999999
TEC-AC-10004518,Technology,120.0,141.6
TEC-PH-10004094,Technology,1091.93,1288.4774
TEC-AC-10003033,Technology,1649.75,1946.705
TEC-PH-10000923,Technology,26.982,31.838759999999997
TEC-PH-10002817,Technology,323.976,382.29168
TEC-PH-10000148,Technology,31.176,36.787679999999995
TEC-AC-10003433,Technology,1.98,2.3364
TEC-AC-10000358,Technology,151.96,179.3128
TEC-AC-10003832,Technology,132.52,156.3736
TEC-AC-10002637,Technology,431.976,509.73168
TEC-MA-10003589,Technology,224.937,265.42566
TEC-PH-10002293,Technology,79.96,94.35279999999999
TEC-MA-10004679,Technology,399.54,471.4572
TEC-PH-10004586,Technology,1079.85,1274.2229999999997
TEC-PH-10000193,Technology,110.352,130.21536
TEC-AC-10002323,Technology,70.72,83.44959999999999
TEC-PH-10001299,Technology,239.984,283.18112
TEC-AC-10002718,Technology,102.13,120.51339999999999
TEC-CO-10002095,Technology,899.982,1061.97876
TEC-AC-10002335,Technology,139.96,165.1528
TEC-AC-10002370,Technology,3.152,3.71936
TEC-PH-10003215,Technology,179.7,212.04599999999996
TEC-AC-10000865,Technology,177.0,208.85999999999999
TEC-AC-10002006,Technology,89.544,105.66192
TEC-PH-10002103,Technology,281.97,332.7246
TEC-AC-10001874,Technology,95.984,113.26111999999999
TEC-PH-10001459,Technology,3023.928,3568.2350399999996
TEC-AC-10002134,Technology,26.96,31.8128
TEC-PH-10001760,Technology,477.6,563.568
TEC-PH-10003442,Technology,22.0,25.959999999999997
TEC-PH-10002645,Technology,1499.97,1769.9646
TEC-PH-10003505,Technology,668.16,788.4287999999999
TEC-AC-10000682,Technology,16.59,19.5762
TEC-PH-10003691,Technology,503.96,594.6727999999999
TEC-PH-10000675,Technology,196.776,232.19568
TEC-AC-10001101,Technology,51.56,60.8408
TEC-AC-10004864,Technology,58.416,68.93087999999999
TEC-PH-10002293,Technology,79.96,94.35279999999999
TEC-AC-10000109,Technology,223.96,264.2728
TEC-AC-10003628,Technology,89.97,106.1646
TEC-AC-10001109,Technology,89.97,106.1646
TEC-PH-10004977,Technology,979.95,1156.341
TEC-PH-10004667,Technology,269.98,318.5764
TEC-AC-10002567,Technology,159.98,188.77639999999997
TEC-PH-10004006,Technology,206.1,243.19799999999998
TEC-AC-10000736,Technology,239.97,283.1646
TEC-PH-10000215,Technology,139.8,164.964
TEC-PH-10004434,Technology,135.95,160.421
TEC-AC-10002076,Technology,431.136,508.74048
TEC-PH-10001944,Technology,437.85,516.663
TEC-AC-10004901,Technology,39.992,47.19056
TEC-PH-10004977,Technology,235.188,277.52184
TEC-PH-10000912,Technology,26.376,31.12368
TEC-AC-10000487,Technology,10.384,12.25312
TEC-PH-10002262,Technology,107.118,126.39923999999999
TEC-PH-10002468,Technology,135.99,160.4682
TEC-AC-10004171,Technology,319.968,377.56224
TEC-AC-10002001,Technology,895.944,1057.21392
TEC-CO-10001943,Technology,479.976,566.37168
TEC-PH-10003356,Technology,44.736,52.78847999999999
TEC-PH-10000169,Technology,67.8,80.00399999999999
TEC-AC-10001445,Technology,12.12,14.301599999999999
TEC-AC-10004469,Technology,159.8,188.564
TEC-PH-10004080,Technology,122.382,144.41076
TEC-AC-10000023,Technology,272.61,321.6798
TEC-AC-10001284,Technology,62.31,73.5258
TEC-AC-10000736,Technology,159.98,188.77639999999997
TEC-AC-10000736,Technology,79.99,94.38819999999998
TEC-AC-10003116,Technology,124.25,146.61499999999998
TEC-PH-10002262,Technology,297.55,351.109
TEC-AC-10004859,Technology,153.824,181.51232000000002
TEC-AC-10002567,Technology,127.984,151.02112
TEC-AC-10001990,Technology,191.968,226.52223999999998
TEC-PH-10002310,Technology,199.98,235.97639999999998
TEC-CO-10003763,Technology,2799.96,3303.9528
TEC-PH-10004912,Technology,164.85,194.523
TEC-AC-10001772,Technology,223.58,263.8244
TEC-AC-10004353,Technology,151.2,178.41599999999997
TEC-AC-10004568,Technology,83.97,99.0846
TEC-AC-10001714,Technology,39.89,47.0702
TEC-AC-10002305,Technology,18.0,21.24
TEC-PH-10004080,Technology,271.96,320.91279999999995
TEC-PH-10002496,Technology,249.584,294.50912
TEC-PH-10001305,Technology,97.98,115.6164
TEC-AC-10003399,Technology,36.24,42.7632
TEC-AC-10001539,Technology,79.99,94.38819999999998
TEC-PH-10004006,Technology,206.1,243.19799999999998
TEC-PH-10003645,Technology,258.576,305.11968
