customer_id,customer_name,email,city,country
1,Angela Nelson,mjohnston@example.org,Jasontown,Austria
2,John Jacobs,maurice98@example.org,Willisbury,Greenland
3,Amber Charles,henrynicole@example.com,East Markmouth,Oman
4,Daniel Lewis,bberry@example.com,South Dariusmouth,French Polynesia
5,Lynn Gill,destiny23@example.com,Williamport,Central African Republic
6,Bobby Willis,parrishtara@example.org,Thomasside,Cuba
7,Katrina Chandler,frankallen@example.org,Markbury,Bahamas
8,Yvonne Ellis,mrobinson@example.com,Lake Johnshire,Korea
9,Julie Coffey,sherricarroll@example.net,Robertview,Monaco
10,Shelly Scott,allison97@example.net,Port Richardfort,Jersey
11,Jacqueline Jones,melissa38@example.net,Crystalton,Nauru
12,George Lawson,sheilabarnes@example.com,New Brittanyshire,Montenegro
13,Nicole Lowe,melanie29@example.com,Toddtown,Egypt
14,Justin Harris,shawmeagan@example.com,Bakerchester,Algeria
15,Abigail Beard,diazkendra@example.com,Leehaven,Lao People's Democratic Republic
16,Ariel Middleton,jeremiahsanders@example.net,Dianeborough,Ireland
17,Monica Spencer,courtney70@example.com,East Albertfurt,Korea
18,Brett Coffey,lramos@example.com,Alantown,Poland
19,Wendy Smith,turnerlucas@example.com,Debramouth,Slovenia
20,Andrea Keller,mary14@example.org,Jennytown,British Indian Ocean Territory (Chagos Archipelago)
21,Frank Sharp,sarahhall@example.org,Lake Deniseland,Panama
22,Carolyn Pearson,morrowkelli@example.net,Lake Cynthia,Equatorial Guinea
23,Jesse Tran,waltonlisa@example.net,East Natalieburgh,Nepal
24,Kenneth House,zshields@example.net,Nealmouth,French Guiana
25,Ian Garcia,colemarcus@example.net,Gloverbury,Svalbard & Jan Mayen Islands
26,Judith Mullins,nicholas90@example.com,Weaverton,Togo
27,Matthew Cervantes,miguelrichardson@example.com,Vargasside,Solomon Islands
28,Joseph Mcgee,williamslori@example.com,West Tiffany,Bahrain
29,Mike Cooley,psanchez@example.org,Lake Mollyburgh,Guam
30,Cameron Farmer,john33@example.org,New Jeromeport,Cambodia
31,Jessica Stewart,wgates@example.org,Shermanbury,Pitcairn Islands
32,Jasmin Drake,unknown@email.com,East David,Uganda
33,Debra Davis,krystaltucker@example.net,East Richardview,Cuba
34,Timothy Smith,coltonmoore@example.com,Mirandamouth,Cuba
35,Taylor Oliver,hernandezmargaret@example.com,Port Deanna,Fiji
36,Jesse Gardner,yreynolds@example.org,West Matthewbury,Antarctica (the territory South of 60 deg S)
37,Brian Miller,zvincent@example.net,North Katherinefort,Isle of Man
38,Casey Brandt,brianwallace@example.com,East Michaelberg,Cambodia
39,Crystal Taylor,sharonjackson@example.net,Melissaton,Ireland
40,Christopher Snyder,apatterson@example.net,Martinezville,Kiribati
41,Kim Espinoza,nyoung@example.com,East Austin,Yemen
42,Christopher Hodges,adammercer@example.net,Lake Gina,Cambodia
43,Fernando Mcdonald,jason92@example.org,South Robert,Uzbekistan
44,Evan Hurley,martindonald@example.org,North Andrewchester,Gambia
45,Amber Stevenson,daniel03@example.com,Ramosshire,Greece
46,Joanna Jackson,shawmalik@example.com,West Angela,Peru
47,Patricia Martin,ronniescott@example.net,Villaland,Christmas Island
48,Monique Diaz,rrose@example.net,Trujilloburgh,Gambia
49,Kevin Black,elizabethking@example.net,South Teresastad,Azerbaijan
50,Mark Boyer,alvaradokelly@example.net,Snyderton,El Salvador
51,Vanessa Baker,francosusan@example.net,New Ashleyton,Guinea-Bissau
52,Marcus Murphy,megan40@example.com,Port Ashleytown,Nigeria
53,Shannon Blevins,elizabeth06@example.org,Nicholsville,Saint Lucia
54,Cesar Bartlett,upadilla@example.org,Bradleystad,Morocco
55,Stephanie Ruiz,beckamanda@example.org,Michaelaview,Lebanon
56,Brett Smith,ugilbert@example.org,Justinmouth,Grenada
57,James Mitchell,wroach@example.com,Frenchshire,Slovenia
58,Barbara Williams,vstephenson@example.com,Dominiquebury,Fiji
59,John Carrillo,john80@example.com,New Laurenfurt,Reunion
60,Alyssa Watson,teresarobertson@example.net,Heidibury,British Virgin Islands
61,Kevin Williams,jacqueline37@example.org,Brianfort,Ghana
62,Michael Meadows,johnathan23@example.com,Hinesberg,Guam
63,Justin Wilson,edwardmorgan@example.org,Davidview,Egypt
64,Joshua Mitchell,georgemichele@example.net,Kellyland,United States Virgin Islands
65,John Neal,joshuarichardson@example.org,South Margaretland,Madagascar
66,Kimberly Knight,taradavis@example.org,Rogersberg,Cyprus
67,Deborah Wood,karen67@example.com,Christophertown,Norfolk Island
68,Robin Harrell,robert14@example.net,Caitlynshire,Finland
69,David Walls,lporter@example.net,Danielberg,Bouvet Island (Bouvetoya)
70,Cassandra Martinez,knightdalton@example.com,Yvonnefurt,Djibouti
71,Brittany Walker,butlercarl@example.com,West Katherinetown,Switzerland
72,Claire Hart,brianna80@example.com,Leechester,Albania
73,Cameron Freeman,sanchezmatthew@example.net,West Johntown,Bahamas
74,Robert Young,saunderssuzanne@example.com,New Kellymouth,Belize
75,Angel Anderson,unknown@email.com,South James,Saint Lucia
76,Brian Myers,jamesjustin@example.net,North Ricardo,Gibraltar
77,Shelby Olsen,kcummings@example.net,Hernandezport,Eritrea
78,Thomas Brady,victorharris@example.org,North Timothyshire,Oman
79,Ashley Ortiz,johnsondebra@example.org,East Natalie,Spain
80,Kimberly Barrett,nicolepeters@example.com,South Justinstad,Bermuda
81,Peter Davis,sararyan@example.net,New Thomasburgh,Australia
82,Leslie Short,williamgutierrez@example.org,Wilsonview,Poland
83,Dennis Wright,grantpeter@example.org,North Katherine,Finland
84,Timothy Petersen,gwhite@example.net,Johnathanville,American Samoa
85,Lauren Gutierrez,wongchloe@example.com,Mistyberg,Antigua and Barbuda
86,Paul Salazar,milesalisha@example.com,East Jacob,Romania
87,Jared Perkins,kpitts@example.org,Hayston,Bosnia and Herzegovina
88,Elizabeth Green,brian17@example.org,Fischerville,Mayotte
89,Andrew Chandler,elizabeth11@example.org,New Ryanmouth,Djibouti
90,Paul Boyd,jamesatkins@example.org,Perrymouth,Gambia
91,Ian Fuentes,michelle02@example.com,Susanchester,Saint Vincent and the Grenadines
92,Frank Hughes,wayne93@example.org,Kristinaview,Saint Helena
93,Ebony Horne,ashleyjones@example.net,Port Jeanside,Moldova
94,Caleb Oconnor MD,woodjacob@example.net,Stephanieburgh,Ireland
95,Michael Saunders,ypatton@example.org,West Bailey,Saint Martin
96,Richard Ramirez,sthomas@example.org,West Barbarabury,Ecuador
97,John Jackson,pyang@example.org,Gordonside,Solomon Islands
98,Ryan Hall,howard22@example.org,Freemanview,Romania
99,Steven Rogers,johnsutton@example.com,Mooreside,Cote d'Ivoire
100,Steven White,jclark@example.com,Jacksonhaven,British Indian Ocean Territory (Chagos Archipelago)
101,Timothy Johnson,smithrobin@example.net,West Kyle,Turks and Caicos Islands
102,Heather Harris,wilsonrichard@example.com,East Johnborough,Libyan Arab Jamahiriya
103,Brittany Ramirez,heatherferguson@example.net,Isaacstad,Gabon
104,Patrick Cruz,davidlewis@example.com,Yumouth,Eritrea
105,Elizabeth Knight,ochurch@example.com,New Thomas,Kazakhstan
106,Vanessa Kirk,davenportmolly@example.org,Jenniferchester,Afghanistan
107,Lucas Dixon,krystalcurtis@example.com,New Michelleview,Bangladesh
108,Luis Carey,mark00@example.net,Smithfort,United States Virgin Islands
109,Daniel Salas,jonathan44@example.com,Adamfort,Greece
110,Joshua Velez,johngray@example.com,South Jaimeport,Korea
111,Adam Chang,oschultz@example.org,Donnatown,Croatia
112,Christopher Smith,apeterson@example.org,Port Jasonland,Japan
113,James Mckenzie,patriciaprice@example.org,Amandaland,Turkmenistan
114,Robert Wilcox,unknown@email.com,North Chelsey,Uruguay
115,Gloria Burke,frodgers@example.net,New Michael,Bolivia
116,Katherine Fox,jonestimothy@example.org,East Danielle,Svalbard & Jan Mayen Islands
117,Kyle Cunningham,rrogers@example.org,New Donald,Albania
118,Kent Soto,clarence04@example.com,South Brandi,Portugal
119,Kathryn Neal,stephaniedavid@example.com,Patriciaburgh,Taiwan
120,Chris Dunlap,susan55@example.org,East Stacyshire,Switzerland
121,Amanda Krueger,grace57@example.net,East Paula,Brunei Darussalam
122,Kristen Page,beckerchristina@example.org,Robertton,Northern Mariana Islands
123,Angela Ruiz,matthewsmith@example.net,Glenborough,Isle of Man
124,Mario Anderson,joshua74@example.com,Susanchester,Ukraine
125,Valerie Freeman MD,kellygreen@example.org,East Williamview,Panama
126,Chelsea Clark,iparker@example.net,Lake Walter,Angola
127,Kaitlyn Rowe,kelsey21@example.net,Port Kathrynport,Taiwan
128,Richard Garner,adelgado@example.net,Laurahaven,French Guiana
129,William Johnson,unknown@email.com,Port Megan,Guam
130,Gina Adams,dunndenise@example.net,Woodborough,Zambia
131,Brianna Mcguire,gturner@example.net,North Sarahaven,Eritrea
132,Courtney Russell,tonya64@example.com,Lake Teresa,Cuba
133,Julie Zimmerman,tmassey@example.net,Bennettfurt,Macao
134,Rachel Khan,kevin17@example.net,Port Emilystad,Croatia
135,Kimberly Barnes,arthurhart@example.com,Dixonview,Jordan
136,Sandra Graves,david13@example.org,Mooreville,Indonesia
137,Gregory Cantu,amandarocha@example.com,Natalieville,Benin
138,Sean Byrd,luceroadam@example.org,New Codyberg,Ethiopia
139,Nicole Thomas,heather82@example.net,Justinland,Martinique
140,Angela Farmer,stacey17@example.net,New Joshua,British Indian Ocean Territory (Chagos Archipelago)
141,Samuel Flores,suzanne03@example.net,New Kellystad,Croatia
142,Crystal Johnson,reynoldsheather@example.net,Draketown,Antigua and Barbuda
143,Seth Mccann DDS,saramathews@example.com,Adkinsview,Ireland
144,Karen Jackson,fostersarah@example.org,Scottberg,Tonga
145,Sabrina Galloway,crystal89@example.org,North Daniellefurt,San Marino
146,Wendy Smith,lstevens@example.org,Port Stevenside,Tunisia
147,Amy Johnson,ffowler@example.com,East Toddtown,Switzerland
148,Timothy Brock,imcdonald@example.com,Tracytown,Cameroon
149,Leslie Robinson,richardbell@example.org,New Deborah,France
150,Joseph Williams,dennisfisher@example.org,Fowlerfurt,New Zealand
151,Gary Sanchez,jensenmadison@example.com,Deanside,Nicaragua
152,Jamie Kramer,scotttracy@example.net,Schmittbury,Serbia
153,Meghan Flynn,zlopez@example.com,Garrisonfort,Cocos (Keeling) Islands
154,Jason Bowen,tarnold@example.net,Andersonshire,Tokelau
155,James Weber,perezanna@example.net,Rogersport,Estonia
156,Catherine Browning,audrey14@example.com,Lake Dominiquemouth,Mozambique
157,Tonya Moore,williamrobinson@example.com,Walterchester,Sri Lanka
158,Cynthia Ruiz,mhunter@example.net,Colleenshire,Gibraltar
159,Benjamin Scott,colejason@example.net,Deborahmouth,Samoa
160,Angela Williams,colinramirez@example.org,Whiteton,Vanuatu
161,Joshua Fisher,michael83@example.org,West Brooke,Spain
162,Kimberly Hall,jcollins@example.net,Evanshire,Albania
163,Amanda Delgado,mortonkarl@example.org,East Amber,Pitcairn Islands
164,Michele Jefferson,william56@example.net,South Christopher,Taiwan
165,Kevin Tate,billy84@example.com,South Kathrynburgh,Cameroon
166,Katie Byrd,stewartamanda@example.net,Port Miastad,Bahamas
167,Charles Rivera,barrettstephen@example.com,New Jeffreyshire,Nepal
168,Deborah Cook,lacevedo@example.net,Ruthchester,Iceland
169,Maria Murphy,ycuevas@example.net,Crystalview,Lebanon
170,Michael Lee,randyrodriguez@example.org,New Jillian,Greenland
171,David Carlson,cesarmoore@example.com,West Steven,Azerbaijan
172,Christopher Hall,xstanton@example.org,Christopherton,Reunion
173,Charles Carter,stephanieedwards@example.net,New Kurt,El Salvador
174,Kathleen Reyes,perezthomas@example.com,Wrightton,Morocco
175,Gabriel Page,stephanie07@example.com,Port Morgan,Papua New Guinea
176,Matthew Chapman,ggallagher@example.com,Berrymouth,Djibouti
177,Brent White,oscar23@example.net,Lake Keithmouth,Jordan
178,James Sherman,davidschultz@example.net,Lake Elizabeth,Australia
179,Phillip Sutton,taylorgregory@example.net,Melissamouth,Dominican Republic
180,Michael Rivas,lnunez@example.com,Scottland,Albania
181,Jennifer Brown,nflores@example.net,Janehaven,Lithuania
182,Jose Bryant,kerrrandall@example.org,Paulmouth,India
183,Jerry Maynard,davidgomez@example.org,Lopezmouth,Qatar
184,Stephanie Johnson,michaeljackson@example.com,Melanieburgh,Pitcairn Islands
185,Darren Turner,shirleyporter@example.org,Danielsland,Reunion
186,John Jackson,gpatterson@example.net,South Stephanieland,Heard Island and McDonald Islands
187,Adam Brown,robertlawson@example.net,Port Adrianland,Congo
188,Tiffany Bennett,amarquez@example.com,Joshuashire,Spain
189,Mark Rose,ktaylor@example.com,Port Josephfort,Somalia
190,Yvette Berger,brian58@example.org,South Elizabeth,Morocco
191,Monique Romero,michael03@example.com,South Erica,Denmark
192,Annette Schaefer,icrane@example.org,Ortiztown,Eritrea
193,Mark Thomas,raymondpeters@example.com,Leeside,Tuvalu
194,John Gardner,wilkinsonjames@example.net,New Seanberg,Syrian Arab Republic
195,Heather Davis,tinajones@example.net,Andersonbury,Northern Mariana Islands
196,Dana James,sparker@example.net,Craigburgh,Turks and Caicos Islands
197,Nicole Calderon,odavis@example.org,South Timothyton,Saint Vincent and the Grenadines
198,Ms. Jennifer Wilcox,sanchezmichael@example.org,East Tiffanyberg,Cape Verde
199,Sharon Caldwell,bcarpenter@example.org,Perryview,Samoa
200,Joanna Warner,clarksusan@example.com,Meghanville,Uganda
201,Yvonne Allen,grahamcrystal@example.net,South Patriciaside,Western Sahara
202,Beverly Massey,bgreen@example.org,New Robertfort,Jamaica
203,John Griffin,josephgarrett@example.net,Lake Christopher,France
204,Ana Peterson,jasonduran@example.net,Port Matthew,Guinea-Bissau
205,Michael Obrien,fnguyen@example.org,Lake Natalie,Nigeria
206,Christopher Dougherty,trevorwilkerson@example.net,North Emilyville,United States Virgin Islands
207,Michelle Petersen,xbrown@example.net,Melissaborough,Algeria
208,Adam Ford,morganshawn@example.net,West Sherry,Nigeria
209,Maureen Fleming,zwolfe@example.org,East Jake,Ukraine
210,Melissa Green,ibooth@example.com,East Travis,Palau
211,Kevin Morgan,martinezjoel@example.com,Lake Stefanie,Cote d'Ivoire
212,Thomas Simmons,baldwinrichard@example.net,Johnfort,Solomon Islands
213,Brittany Palmer,steven41@example.net,New Kenneth,Zimbabwe
214,Karen Nelson,anthonymartinez@example.org,West Danny,Bolivia
215,Tony Mitchell,lwilson@example.com,New Joshualand,United Arab Emirates
216,Rose Williams,nicolerodriguez@example.org,Brandiland,Congo
217,Jorge Johnson MD,emily10@example.org,North Ashley,New Caledonia
218,David Allison,marthasharp@example.net,Lake Justinberg,Greenland
219,Brenda Wells,ebenitez@example.com,East Lisa,Slovenia
220,Karen Brown,shepardbrandon@example.net,Port Brianborough,Turkey
221,Kayla Dixon,michelecarpenter@example.org,New Steven,Lesotho
222,Amy Rasmussen,ipalmer@example.com,Hernandezhaven,Cyprus
223,Michael Valdez,lynchrachael@example.com,Lake Louis,Mayotte
224,Kevin Cain,dawn36@example.com,Tammyville,Jersey
225,Christopher Wallace,davidmartin@example.com,Denisestad,Bermuda
226,Ryan Parrish,wosborne@example.net,Martinview,Switzerland
227,Christina Baker,john80@example.net,Terrencemouth,Anguilla
228,Sara Dixon,wandayoung@example.com,Port Dana,Mozambique
229,Christopher Kline,travis71@example.com,Traviston,Azerbaijan
230,Michelle Munoz,mcgrathcynthia@example.org,New Mark,Bulgaria
231,Elijah Kemp,wattsnicole@example.com,Travisview,Brunei Darussalam
232,Amber Mejia,patellauren@example.net,Lake Thomasview,Mexico
233,Dana Crawford,unknown@email.com,Tiffanyfurt,Falkland Islands (Malvinas)
234,Douglas Jackson,smithcody@example.com,Wigginsview,Marshall Islands
235,Gloria Nelson,james91@example.net,New Jamesview,United States Virgin Islands
236,Hannah Lewis,pmoore@example.org,Stephenside,Taiwan
237,Jennifer Gordon,prattdebra@example.net,Lake Karenborough,Korea
238,Cody Kirk,schneidererin@example.org,Lake Nancy,Japan
239,Monica Mcmahon,carterdaniel@example.net,Johnsonton,Hong Kong
240,Andre Houston,mhunt@example.com,Carterview,Paraguay
241,Kyle Vasquez,andersonjacob@example.org,East Laurenfort,Madagascar
242,Aaron Sutton,belinda06@example.org,East Jimmyfort,Martinique
243,Lawrence Johnson,cooperjennifer@example.org,Port Coreyborough,Barbados
244,Krystal Lewis,charles39@example.org,Shermanton,Gambia
245,Mark Johnson,unknown@email.com,Zacharytown,Israel
246,Robert Smith,riceashley@example.net,Karenfort,Falkland Islands (Malvinas)
247,John Brown,elizabethstephens@example.net,Lake Alexandriatown,Monaco
248,Angel Sanders,stevenhill@example.net,South Barbaratown,Jamaica
249,Tracy Molina,jonesjennifer@example.com,New Amandaberg,Korea
250,Daniel Mullen,lyonsdavid@example.org,North Raymond,Solomon Islands
251,Justin Beck,mariewilliams@example.net,Perezborough,United States of America
252,Mark Galloway,aclark@example.net,Jamesside,Antarctica (the territory South of 60 deg S)
253,Kenneth Gilbert,cphillips@example.com,North Richard,Spain
254,Melissa Johnson,kylekennedy@example.net,West Douglaschester,Kenya
255,Adrian Daugherty,egonzalez@example.com,South Kathleen,Benin
256,Allison Schmidt,jjones@example.net,Andrewburgh,Canada
257,Robert Taylor,terri42@example.net,West Richardhaven,Nepal
258,Robert Harris,robertacosta@example.org,Schwartzland,Liberia
259,John King,jennifer84@example.net,Aliciamouth,French Guiana
260,Meghan Johnson,jose45@example.org,Lake Christopherfort,Romania
261,David Conner,whitetravis@example.net,Lake Brendaville,Indonesia
262,Tracy Casey,davidbass@example.org,Joshuamouth,Spain
263,David Morales,buchananedwin@example.org,Chenborough,Romania
264,Michelle Douglas,cameron27@example.net,Emilyville,Solomon Islands
265,Kaylee Carter,mbrown@example.net,East Lisa,United States of America
266,Gina Peterson,jennifer51@example.com,New Cathymouth,Norfolk Island
267,Robert Sandoval,annaspears@example.com,Williamsview,Cambodia
268,Jennifer Sanchez,ahughes@example.net,Karlatown,Heard Island and McDonald Islands
269,Sheila Harrington,uholt@example.net,Friedmanland,Haiti
270,Sarah Davis,abishop@example.net,Alexborough,Bosnia and Herzegovina
271,Michael Boone,jacqueline38@example.com,Zunigastad,Saudi Arabia
272,William Park,kevin05@example.net,Karinaville,Puerto Rico
273,Tom Bradley,hartdouglas@example.net,East David,Ethiopia
274,Brad Ellis,sotocynthia@example.org,East Miguelmouth,Marshall Islands
275,Aaron Steele,ocabrera@example.com,Villanuevaberg,Qatar
276,Juan Cross,nicole26@example.org,Audreyland,Colombia
277,Mark Lambert,johnsonmicheal@example.net,Lake Nicholas,Cocos (Keeling) Islands
278,Christopher Martinez,kschroeder@example.com,East William,Cote d'Ivoire
279,Cristian Williams,courtney48@example.com,Debraland,Togo
280,John Thomas,bglenn@example.org,Harthaven,Bolivia
281,Christopher Singh,ricetravis@example.com,Kimberlychester,Guatemala
282,Kathleen Sullivan,dgordon@example.org,South Susan,Poland
283,Lynn Carter,mark17@example.net,Robertberg,Guadeloupe
284,Ann Foster,matthewsdavid@example.org,West Keithshire,Greenland
285,Kimberly Walker,juliehoward@example.net,Lake Bethany,Libyan Arab Jamahiriya
286,Leah Parker,ramirezmichael@example.org,Markborough,Korea
287,Jim Hurst,jaimewallace@example.org,Diazton,Cyprus
288,Daniel Edwards,lindsey99@example.com,Christianfurt,Afghanistan
289,Christopher Duran,johnsonlindsey@example.org,Katrinahaven,Latvia
290,Joshua Burns,zacharyhuff@example.net,Millsport,Austria
291,Edward Chavez,vgilmore@example.com,Port Evantown,Dominican Republic
292,Travis Barnett,catherinesmith@example.com,Theresabury,Western Sahara
293,Angela Rubio,earl86@example.com,Hudsonborough,Congo
294,Alison Brown,warddanielle@example.net,Erinburgh,British Indian Ocean Territory (Chagos Archipelago)
295,Nathaniel Gallegos,richard22@example.com,Taylormouth,Guam
296,Keith Henson,john22@example.com,Collinston,Uzbekistan
297,Lisa Anderson,phensley@example.net,Lake Carol,Zimbabwe
298,Paul Reynolds,mcamacho@example.org,West Johnberg,Mexico
299,Dustin Thomas,taylor89@example.com,North Thomasfort,Belize
300,Luis Floyd,fwillis@example.net,North Sandy,Georgia
301,Robert Hall,rwood@example.org,West Mollymouth,Pakistan
302,Tracy Rodriguez,angelaarmstrong@example.org,Wisemouth,Puerto Rico
303,Hunter Soto,scottwhitehead@example.com,Randallburgh,Uruguay
304,Bridget Richardson,jaredsmith@example.com,Marktown,Congo
305,James Jordan,frank74@example.net,Port Philip,Holy See (Vatican City State)
306,Tami Tucker,longleslie@example.org,Harrisontown,Greece
307,Ronald Miles,dgarrison@example.com,Rubiomouth,Mongolia
308,Lucas Joseph,alexanderking@example.org,Brownmouth,Austria
309,Maria Miller,martinsabrina@example.org,Bryanshire,Mauritius
310,Mark Kelly,xobrien@example.net,East Donaldbury,Belarus
311,Christina Hernandez,emilymiller@example.org,West Jenniferfort,Ukraine
312,Robert Robertson,velasquezjennifer@example.com,Castroland,Brunei Darussalam
313,Heather Miller,hernandezamy@example.org,West Duaneberg,Mongolia
314,Anne Rice,michael41@example.com,West Claytonmouth,Swaziland
315,Richard Sanchez,nicole16@example.com,South Karenmouth,United Arab Emirates
316,Ronald Morse,warrenmelissa@example.com,Jasonport,Samoa
317,April Rivera,owenspatricia@example.org,North Crystalport,Libyan Arab Jamahiriya
318,Bryan Greene,petersonjeremy@example.org,Youngbury,Egypt
319,Jason Burgess,unknown@email.com,West Andrewview,Bangladesh
320,Randall White,sanchezmichelle@example.com,Claytonview,Portugal
321,Brooke Clarke,lsmith@example.com,East Heatherhaven,Rwanda
322,Michael Olson,justinarnold@example.org,Port Reneeville,Libyan Arab Jamahiriya
323,Deborah Sanford,jeffrey92@example.org,Clarkberg,Aruba
324,John Wolfe,andreaschultz@example.org,Brookehaven,United States of America
325,Eric Gomez,pmiddleton@example.com,Richardmouth,Nigeria
326,Whitney Turner,ellisscott@example.net,Ashleyfort,Turkey
327,Ian Grant,christina28@example.net,New James,Bahamas
328,Nathan Mendoza,jessica49@example.com,Charlesview,Uruguay
329,Kenneth Coleman,anthony73@example.org,Jenniferborough,Aruba
330,Sarah Cole,normannielsen@example.org,West Marciamouth,South Georgia and the South Sandwich Islands
331,Jeffrey Shaffer,michelebaker@example.com,North Adam,Ecuador
332,Sarah Davis,chambersmargaret@example.net,Lake Kristine,Senegal
333,Dana Clements,gfreeman@example.net,New Ariel,India
334,Matthew Tate,curtisheather@example.net,Lisachester,Micronesia
335,David Kelley,unknown@email.com,East Kristinahaven,Nicaragua
336,Michael Bailey,david39@example.net,Thomastown,Lebanon
337,Sherri Guzman,dlamb@example.net,Timothyville,Montenegro
338,Daniel Ramos,heathercurry@example.org,Lake Zacharyville,Croatia
339,Mason Tran,wolfeelizabeth@example.net,West Anna,Sri Lanka
340,Vanessa Acosta,dbruce@example.com,Fernandezton,Heard Island and McDonald Islands
341,Sara Blake,nancyleonard@example.org,Alexanderland,Italy
342,David Lee,meyerskevin@example.net,Annaland,Angola
343,Cynthia Robertson,anne97@example.net,Allisonmouth,Hungary
344,Christopher Kerr,josephrodriguez@example.com,East Johnnyburgh,Belarus
345,Benjamin Baker,danieljones@example.com,Amandahaven,Mexico
346,Christie Morgan,dford@example.net,Port Randy,Cook Islands
347,Dr. Patrick Harris,heathercarr@example.org,South Sallyville,Jersey
348,Julia Edwards,bergerlee@example.com,Atkinsontown,Comoros
349,Elizabeth Johnson,wesley06@example.com,West Robert,Kyrgyz Republic
350,Terry Foster,dhamilton@example.org,Greggfort,Singapore
351,Rhonda Reyes MD,shellydecker@example.net,Moyerburgh,Kenya
352,Bradley Cruz,ismith@example.org,East Melissa,Brunei Darussalam
353,Deborah Gutierrez,shannon71@example.org,Englishchester,United States of America
354,Kevin Johnson,sgallagher@example.net,New Gary,Brunei Darussalam
355,Wyatt Stanton Jr.,mckaymichelle@example.net,North Christophermouth,Peru
356,Justin Ryan,hoganjoseph@example.net,Lake Brian,Mexico
357,Devon Daniels,lnorton@example.org,Danielborough,Slovenia
358,Deanna Li,zjoyce@example.org,South Abigail,United States Minor Outlying Islands
359,Deborah Burton,angelamendoza@example.net,Robinton,Lao People's Democratic Republic
360,Timothy Hughes,stricklandtabitha@example.com,Andrewmouth,Vanuatu
361,Veronica Gillespie,toddgreen@example.org,South Larry,British Indian Ocean Territory (Chagos Archipelago)
362,Karen Holt,elizabeth32@example.org,Erictown,Belarus
363,John Klein,aadams@example.org,Jonathanhaven,Cambodia
364,Kendra Miller,dlester@example.org,Port Josehaven,Seychelles
365,Dr. Jonathon Ramos,jose02@example.com,New Jasmine,Qatar
366,Alexandra Berry,rachel03@example.com,Mataville,Christmas Island
367,Leslie Gutierrez,marcblake@example.org,Youngside,Afghanistan
368,Alexis Moore,umitchell@example.com,South Chad,Austria
369,Michael Fuentes,derek26@example.com,South Michaelbury,Lebanon
370,Tim Jacobs,antonio98@example.com,North Kellyborough,Ecuador
371,Glenn Daniels,michaelkaiser@example.org,Theresaton,Moldova
372,Philip Smith,shawshelly@example.org,East Suzannechester,Saint Vincent and the Grenadines
373,Zachary Lopez,benjamin89@example.com,North Adam,Algeria
374,Hannah Brown,stephaniemckay@example.org,Breannaville,Niue
375,Adrian Williams,michaelaguilar@example.com,Martinezton,Paraguay
376,Kevin Kennedy,unknown@email.com,Lake Angela,Northern Mariana Islands
377,Kim Miller,qaguirre@example.net,South Douglaston,Trinidad and Tobago
378,Brianna Thomas,johnsonpaul@example.com,East Juliamouth,Brunei Darussalam
379,Anthony Hart,kgarcia@example.net,Tracieburgh,Denmark
380,Elizabeth Kelly,sclark@example.net,New Anthony,Somalia
381,Patrick Santiago,guzmanandrew@example.com,West Johnton,Morocco
382,Adriana Greene,jessicaramirez@example.net,West Mariastad,Eritrea
383,Patricia Orr,gail82@example.com,Lake Jamesshire,Chile
384,Dawn Roberts,timothyparker@example.org,Hoopershire,Greece
385,Benjamin Garcia,hannahblack@example.org,Davisville,Sudan
386,Michele Baldwin,paynekatherine@example.com,Hudsonstad,Heard Island and McDonald Islands
387,Belinda Peterson,nguyenjohn@example.com,North Melissa,Lebanon
388,Kristi Elliott,jorgemahoney@example.org,South Patricialand,Seychelles
389,Jennifer Howard,xgarner@example.com,Cherylmouth,United Kingdom
390,Debra Smith,boyerthomas@example.net,Arellanoberg,Pitcairn Islands
391,Edward Wang,santospatricia@example.org,East Susanhaven,Anguilla
392,Dr. Kristina Cervantes,yarmstrong@example.com,East Billyton,New Zealand
393,Cristian Miller,thoward@example.com,New Heather,Cyprus
394,Thomas Jackson,iallison@example.net,New Rachelport,Afghanistan
395,Gabrielle Pratt,heatherpowers@example.com,Calvinport,United States Virgin Islands
396,Denise Scott,kristenphillips@example.org,Port Amber,Rwanda
397,Sarah Gutierrez,daughertybenjamin@example.net,Melindamouth,Bahamas
398,Luis Martin,unknown@email.com,Christopherberg,Mozambique
399,Amy Walton,ashleylee@example.org,Clarkland,Benin
400,Bruce Wright,max44@example.com,Mcconnellchester,San Marino
401,Alexandra Yoder,phillipschelsea@example.org,Gayport,United States Minor Outlying Islands
402,Angela Cortez,erin53@example.com,Wolfton,Palestinian Territory
403,Paula Simmons,danielle52@example.org,Hansonville,Honduras
404,Jerry Wagner,geraldmiller@example.net,Parsonsberg,Vietnam
405,Mark Ferguson,zgonzales@example.org,Port Christian,Reunion
406,Lori Rangel,loriclark@example.net,Port Jeffton,Finland
407,Heather Blankenship,qwebb@example.com,Phamstad,French Guiana
408,Stacey Cook,emilymcmahon@example.net,Johnburgh,Timor-Leste
409,Sara Phillips,jesse12@example.com,East Stephenfurt,Sudan
410,Sandy Johnson,daviskayla@example.org,Johnnyport,Pakistan
411,Andrew Brown,michaelbailey@example.org,West Taylorfurt,Nicaragua
412,Michael Ramos,nicole41@example.net,Lake Tiffanyfort,Bulgaria
413,Kristy Ortiz,nicolegomez@example.com,Richardville,Holy See (Vatican City State)
414,Lindsay Graves,alexandra80@example.com,Wardshire,Seychelles
415,Elizabeth Gutierrez,zjacobson@example.com,Patriciaton,Belarus
416,Emily Dougherty,tonibrown@example.com,West Jeffrey,Senegal
417,Heather Campbell,thomasmiller@example.org,West Tamaraburgh,Switzerland
418,Albert Hensley,hfrancis@example.org,East Aaronville,Jersey
419,Roger Farrell,kathleenellis@example.org,Timothyview,Ireland
420,Richard Lamb,ernest82@example.net,Gomezstad,Czech Republic
421,Kiara Jackson,floreskarina@example.org,Gonzalezborough,South Africa
422,Cynthia Scott,wandaedwards@example.com,New Alyssa,Ghana
423,Brad Crawford,xfischer@example.net,West Ashleyshire,Madagascar
424,Deborah Lopez MD,shannonbradley@example.org,New Samuelbury,Syrian Arab Republic
425,Thomas Meyer,kbryan@example.org,Douglasport,Portugal
426,Debbie Sexton,xnelson@example.com,Smithport,Argentina
427,Logan Scott,jessicavaldez@example.net,South Jason,Kiribati
428,Melissa Vaughan MD,nicole10@example.com,Myersside,Sri Lanka
429,Daniel Hamilton,theresajacobs@example.com,South Steventown,Gibraltar
430,John Lewis,tmarquez@example.net,Port Katelyn,Brazil
431,Alexandra Hammond,katie15@example.org,North Matthewville,Canada
432,Ariana Velasquez,patrick32@example.com,North Jennifer,Uganda
433,Miguel Solomon,moorejeffrey@example.net,East Jamesmouth,Nepal
434,Diana Cook,vasquezchristopher@example.org,South Alyssa,Colombia
435,Charles Jordan,cathy27@example.net,South Stephaniemouth,New Zealand
436,Jennifer Cooper,debbie62@example.com,Lake Alejandra,Pakistan
437,Laura Baker,robertseric@example.org,Brandontown,Sao Tome and Principe
438,Kelly Smith,justinmercado@example.com,Hartmanview,Bahamas
439,Megan Lawson,petersondarren@example.org,Angelaview,Philippines
440,Alfred Mitchell,zmercer@example.com,Jacksonside,Saint Barthelemy
441,Lauren Young,jamesann@example.org,Steventown,British Virgin Islands
442,Peter Marshall,ronaldburton@example.net,North Laurenberg,Nauru
443,Sean Wood,sking@example.com,East Samanthaport,Greece
444,Jennifer Miller,qvalentine@example.org,West Lisamouth,Albania
445,Justin Miller,joshua15@example.net,Philipchester,British Virgin Islands
446,Cody Conrad,lwilcox@example.net,Noahberg,Reunion
447,John Mills Jr.,sarathomas@example.net,Shelbyville,Benin
448,Carl Davidson,holderfrancisco@example.com,New Laurenmouth,Lao People's Democratic Republic
449,Carolyn Reyes,jacksonwendy@example.net,North Stephanietown,Lebanon
450,Joshua Marquez,wilsonashley@example.com,West Kevinport,Saint Lucia
451,Elizabeth Clark,bnewman@example.com,New Chasefort,Thailand
452,Carrie Robbins,calvinkrueger@example.net,Hillville,Western Sahara
453,Brittany Blevins,gabriel42@example.org,Johnsonfort,Comoros
454,Brittany Hudson,victoria78@example.com,New Donald,Lao People's Democratic Republic
455,Andrew Patton,kennethpugh@example.org,Damonville,United States Minor Outlying Islands
456,Kenneth Taylor,tyler46@example.com,Laurieshire,Belgium
457,Justin Greene,smithjoseph@example.com,Garretttown,Christmas Island
458,Sandra Miller,perezrobert@example.net,Tuckerton,Bahamas
459,Ryan Hicks,josephhuerta@example.org,East Victor,Sao Tome and Principe
460,Jordan Davis,angela75@example.net,North Lindsay,British Indian Ocean Territory (Chagos Archipelago)
461,Nicole Kelly,chartman@example.org,Garciafurt,United Kingdom
462,Ernest Novak,christophertaylor@example.org,West Christine,Algeria
463,Mary Wagner,derrick82@example.com,West Laura,Israel
464,Joseph Sweeney,thenry@example.org,Phambury,Estonia
465,Tamara Russell MD,ochristian@example.net,Petermouth,Mongolia
466,Shaun Hatfield,derekschneider@example.com,North Kelly,Morocco
467,Paul Vaughn,jessica48@example.net,Lake Ethanchester,Gibraltar
468,Ethan Cruz,elaineadams@example.net,Cooperville,Saint Pierre and Miquelon
469,Catherine Jackson,taylorgutierrez@example.net,Lawrencemouth,Costa Rica
470,Alicia Wallace,phillip93@example.org,East Mariashire,Cote d'Ivoire
471,Breanna Weber,hansoncassandra@example.com,Wyattfort,Nicaragua
472,Alejandro Mullen,joelstanley@example.org,Davisshire,Spain
473,Maria Chambers,jeffrey66@example.com,Jamesville,Singapore
474,Kathy Richardson,unknown@email.com,Davidside,United States of America
475,Kristen Wilson,ambertaylor@example.net,Lake Patriciaberg,Christmas Island
476,Deanna Jones,fsantiago@example.com,Davidshire,French Southern Territories
477,Paul Wright,xdouglas@example.com,New Jennifer,Micronesia
478,Dr. Darrell Nichols,knightelizabeth@example.net,Daviesstad,Qatar
479,Ms. Linda Robinson DDS,katherinewilliams@example.org,New Codyberg,Guinea-Bissau
480,Daniel Merritt,jeffreychang@example.net,New Benjaminmouth,Argentina
481,Timothy Sparks,victoria89@example.net,Jameschester,Chile
482,Erin Williams,kerry00@example.com,Haneyview,Mozambique
483,Darren Mora,oreid@example.org,Kristenhaven,Cuba
484,Melissa Bauer,dmalone@example.com,Malikberg,Switzerland
485,Marissa Hoffman,jscott@example.net,Darrylchester,Azerbaijan
486,James Hall,robertcole@example.net,North James,Denmark
487,Lindsey Walker,mary06@example.org,Port Jamieburgh,Mayotte
488,Laura Pham,chambersjennifer@example.org,Colemantown,Kenya
489,Derek Green,brownerik@example.net,Port Eddie,Zimbabwe
490,Dustin Padilla,christian60@example.org,Burchfurt,Grenada
491,Cody Boyd,lanceclark@example.net,Tylertown,Kuwait
492,Timothy Wade,matthew88@example.org,Ericahaven,Lebanon
493,Madison Shields,fernandezlisa@example.com,South Hunterport,Isle of Man
494,Benjamin Banks,avilachris@example.com,West Michael,Papua New Guinea
495,Haley Hicks,wstephens@example.com,East Ashleyview,Germany
496,Jeffrey Johnson,sydney67@example.com,Susanton,Northern Mariana Islands
497,Kathleen Hopkins,anthonyharris@example.net,Careyburgh,Palau
498,Mark Perry,laurentaylor@example.org,Lake Bradyhaven,Finland
499,Jordan Carpenter,destinynash@example.net,Shannonborough,Kuwait
500,Stephanie Kerr,edward79@example.com,Harmonside,Romania
