order_item_id,order_id,product_id,quantity,price
1,58,116,3,966.21
2,215,485,3,1824.74
3,245,317,4,3042.63
4,434,284,5,1278.93
5,79,201,4,1808.36
6,218,99,4,4033.54
7,399,325,1,4139.02
8,249,498,5,4906.76
9,392,490,1,526.8
10,452,482,5,1038.94
11,406,203,4,2213.01
12,138,71,1,3201.12
13,473,57,3,4393.98
14,15,327,4,1832.51
15,197,13,2,3373.91
16,63,351,2,505.82
17,98,4,5,123.22
18,500,25,3,4530.43
19,206,375,5,1048.44
20,491,132,1,1569.59
21,460,222,1,3242.98
22,345,477,5,1312.74
23,60,443,1,3545.28
24,50,112,4,468.1
25,419,190,2,710.77
26,48,138,5,4858.25
27,469,498,3,4886.03
28,236,43,2,2816.5
29,66,344,4,344.37
30,302,20,4,4193.14
31,148,37,3,2438.23
32,391,278,2,2090.69
33,475,117,3,3982.97
34,9,44,3,2018.65
35,328,150,4,1603.82
36,394,76,2,3899.48
37,49,500,1,3824.11
38,181,235,3,2541.22
39,403,416,3,3498.84
40,375,405,4,2433.31
41,243,284,1,149.02
42,433,364,5,4644.0
43,73,84,5,2879.36
44,296,440,3,3519.74
45,170,13,3,3301.48
46,133,92,4,4691.72
47,13,238,1,3313.49
48,1,31,4,845.18
49,226,277,2,4536.7
50,329,135,2,2756.99
51,416,119,5,4750.6
52,405,178,4,1375.41
53,163,67,1,3242.12
54,258,102,3,2852.51
55,172,53,3,311.51
56,385,456,1,4552.13
57,5,121,4,1216.93
58,38,344,3,4152.68
59,435,174,4,671.08
60,35,272,2,821.66
61,248,47,4,724.94
62,96,66,4,2179.16
63,56,26,1,1043.34
64,295,95,1,275.15
65,439,311,2,2956.01
66,477,483,2,1802.02
67,309,148,4,357.55
68,59,187,1,1634.72
69,231,23,1,1810.99
70,62,381,2,970.47
71,435,447,4,1084.15
72,167,355,5,3197.59
73,421,480,2,1630.43
74,151,296,4,415.67
75,345,62,4,2196.88
76,226,95,1,1284.11
77,49,122,5,4497.26
78,76,352,2,4076.35
79,65,69,1,3514.02
80,400,246,2,988.11
81,309,92,3,4460.86
82,390,406,5,250.41
83,28,377,3,2008.18
84,267,38,4,3293.83
85,178,198,5,2771.8
86,13,348,1,3036.22
87,237,86,3,203.43
88,380,494,1,3384.62
89,468,198,4,4935.76
90,380,257,2,1126.22
91,147,170,3,2841.08
92,114,495,2,3139.05
93,65,442,2,1617.86
94,377,242,4,4540.74
95,395,54,5,3318.34
96,133,65,3,4634.07
97,109,415,4,4434.14
98,328,187,2,1547.16
99,165,194,3,3640.79
100,441,76,4,1717.94
101,387,462,3,768.74
102,434,483,1,4894.33
103,40,412,1,932.65
104,34,443,5,3190.94
105,496,153,4,4294.07
106,22,196,5,2135.44
107,26,293,2,4145.28
108,395,98,5,1663.8
109,55,167,3,3009.27
110,45,242,4,853.06
111,142,49,2,3613.07
112,339,141,3,3306.57
113,255,223,4,574.11
114,331,318,1,1748.46
115,496,131,1,1312.71
116,313,391,1,4435.51
117,330,133,4,4889.62
118,379,35,4,2653.8
119,61,23,3,124.61
120,263,493,3,2029.23
121,21,228,3,2971.83
122,417,68,2,2478.38
123,483,325,2,512.19
124,162,52,5,784.67
125,165,305,3,1733.82
126,417,320,1,4240.83
127,197,342,3,2584.98
128,339,184,4,3113.66
129,63,242,1,4236.67
130,421,299,4,4398.71
131,292,196,5,4592.32
132,273,5,4,328.77
133,493,279,1,3501.93
134,108,321,4,3033.17
135,167,500,3,2796.21
136,306,470,1,506.01
137,107,496,3,4974.48
138,56,37,2,1646.99
139,117,264,3,4885.85
140,403,299,2,1885.61
141,482,190,4,115.03
142,247,414,2,4134.46
143,104,38,4,2209.54
144,460,59,1,812.2
145,345,439,1,2056.78
146,238,168,3,4990.93
147,192,132,2,816.53
148,321,394,1,3533.91
149,101,229,4,4479.31
150,211,158,4,943.21
151,452,396,3,4742.62
152,67,66,4,3190.62
153,476,118,3,4317.08
154,271,83,5,756.01
155,123,460,4,4691.52
156,444,155,2,3715.1
157,234,79,3,1460.83
158,288,62,3,4649.14
159,335,104,2,4860.37
160,167,319,1,3583.21
161,490,47,5,2534.01
162,1,152,4,3237.73
163,275,446,5,155.62
164,489,337,5,3444.79
165,428,56,1,2935.98
166,311,90,5,4165.2
167,288,363,5,2649.64
168,104,138,4,2379.63
169,332,172,3,1064.78
170,339,442,1,2176.48
171,341,378,5,4112.92
172,317,176,5,2340.58
173,380,313,2,371.93
174,401,475,4,180.69
175,107,223,1,3215.88
176,482,443,2,3823.71
177,336,481,1,1948.06
178,273,422,5,2874.67
179,449,350,5,2526.31
180,49,306,1,3225.67
181,9,51,1,3080.22
182,186,407,5,354.27
183,486,32,5,4461.16
184,486,49,2,3544.79
185,193,97,4,2668.77
186,445,168,2,4367.38
187,454,213,3,2610.28
188,397,90,1,173.04
189,225,355,4,4493.79
190,79,486,5,4685.0
191,243,346,5,701.66
192,99,264,5,2342.98
193,70,468,2,3140.32
194,222,198,4,3892.25
195,451,27,4,3390.06
196,265,397,1,4516.97
197,77,127,4,3314.08
198,155,187,1,2874.42
199,494,286,5,4118.02
200,51,493,3,3512.26
201,118,101,4,147.44
202,222,440,2,3472.31
203,183,269,2,312.98
204,328,217,5,925.62
205,178,355,3,2958.8
206,162,286,1,196.33
207,204,94,1,732.7
208,173,397,3,1933.02
209,74,129,2,1310.88
210,202,450,2,2451.3
211,418,90,3,2709.91
212,291,307,4,188.85
213,136,234,4,2527.41
214,65,57,1,2659.11
215,87,321,4,855.48
216,426,197,3,3533.87
217,464,493,1,4480.78
218,422,96,1,1007.65
219,206,315,2,1247.41
220,128,389,1,4930.07
221,322,432,4,3157.27
222,277,350,1,4285.18
223,88,83,4,4751.95
224,396,245,3,4807.46
225,247,424,3,2476.02
226,168,493,4,3173.98
227,427,446,5,3965.78
228,301,457,2,648.06
229,490,40,5,2268.82
230,139,57,5,4894.33
231,330,73,4,4845.53
232,357,331,1,3452.05
233,361,178,4,1204.37
234,270,142,1,4957.07
235,229,2,4,3739.83
236,324,253,3,3574.34
237,65,237,2,1144.56
238,245,228,3,3009.7
239,39,89,2,800.82
240,107,142,2,393.99
241,461,411,2,1438.31
242,84,236,1,3462.86
243,289,50,1,4555.35
244,212,406,2,564.13
245,68,383,1,2090.48
246,256,335,4,1764.77
247,390,434,5,3120.28
248,70,171,3,292.3
249,141,266,5,1855.91
250,408,334,3,957.3
251,230,500,4,3157.02
252,438,419,1,2424.36
253,16,105,5,4740.65
254,140,100,5,3972.48
255,349,337,3,187.94
256,479,36,2,1263.48
257,462,85,1,3537.58
258,13,282,1,3637.74
259,73,60,5,783.44
260,34,347,5,3813.02
261,448,363,2,1618.5
262,149,279,1,4632.08
263,388,194,1,1601.65
264,261,141,3,708.77
265,280,395,4,3419.32
266,64,240,4,1010.98
267,128,419,5,4683.36
268,151,390,5,1294.11
269,235,380,2,3809.89
270,224,478,3,1865.26
271,421,297,4,386.52
272,321,427,1,376.92
273,469,480,3,2980.35
274,41,247,5,1933.28
275,2,328,2,787.65
276,431,339,3,3134.53
277,460,220,5,1926.48
278,410,171,2,3524.67
279,176,69,2,1880.88
280,458,318,4,4165.8
281,418,366,1,865.05
282,135,334,1,3179.01
283,268,362,3,2705.81
284,468,103,5,2816.52
285,488,49,5,4616.01
286,299,327,1,4283.33
287,89,408,2,2267.71
288,121,64,5,979.62
289,191,180,3,4691.17
290,204,81,2,4737.08
291,422,138,3,2761.14
292,166,466,4,3728.71
293,106,219,2,1456.21
294,349,228,3,4772.64
295,205,247,5,538.24
296,181,119,1,3015.73
297,418,270,1,3832.8
298,164,320,2,1494.96
299,129,408,5,3826.28
300,221,340,4,953.62
301,37,493,3,4712.74
302,479,164,2,1555.03
303,441,119,4,1257.33
304,215,446,2,2080.0
305,171,211,3,3672.56
306,485,302,5,278.55
307,172,313,2,4758.28
308,449,275,2,4121.26
309,63,423,4,853.71
310,329,304,4,109.31
311,469,492,4,3420.53
312,271,15,2,860.92
313,344,263,2,4314.38
314,397,129,3,3758.64
315,99,390,1,3850.47
316,409,380,4,3788.56
317,281,422,4,1256.09
318,337,143,2,1844.87
319,356,317,4,775.66
320,468,357,5,598.09
321,89,4,3,3275.42
322,484,102,2,1422.35
323,423,310,3,3803.47
324,41,371,4,2592.13
325,431,128,4,1474.49
326,226,438,5,1998.76
327,124,361,2,1717.72
328,205,187,1,4123.46
329,250,274,1,1236.91
330,144,279,1,1460.45
331,118,128,4,3844.08
332,417,15,1,4567.45
333,240,99,3,4026.63
334,86,361,3,4274.78
335,241,185,4,3525.02
336,445,443,4,109.59
337,40,75,2,1390.52
338,265,201,3,3949.09
339,277,122,4,1806.76
340,350,474,3,1075.79
341,278,184,1,2215.59
342,222,82,2,1735.91
343,368,4,5,2809.56
344,186,102,1,4171.71
345,80,385,1,3195.17
346,6,256,3,3759.01
347,329,460,1,523.03
348,448,274,4,1024.13
349,38,473,1,2878.68
350,263,300,3,2025.86
351,417,230,4,3578.69
352,316,445,4,4102.37
353,395,289,4,1658.35
354,207,365,4,240.21
355,496,336,3,3965.8
356,162,82,2,3652.75
357,268,188,1,4390.4
358,221,294,3,2639.43
359,67,251,4,2464.14
360,324,126,4,1051.24
361,438,137,1,2597.46
362,245,467,1,2705.99
363,248,337,5,3103.47
364,440,350,1,2769.46
365,81,36,3,3805.96
366,487,368,1,902.91
367,377,267,3,1934.74
368,303,132,1,2007.39
369,494,249,1,230.41
370,251,373,3,221.07
371,293,48,5,3023.97
372,62,409,1,1423.72
373,149,3,3,2097.39
374,341,232,4,1698.69
375,85,89,4,1641.09
376,42,96,4,2783.41
377,84,121,5,2763.94
378,290,257,2,1782.95
379,199,52,1,3721.99
380,210,261,2,1978.45
381,149,151,4,3673.58
382,442,179,5,145.98
383,90,233,4,3362.22
384,390,333,2,2486.84
385,393,62,1,2543.96
386,339,43,1,1817.02
387,365,138,1,2890.49
388,437,171,5,3823.67
389,210,310,1,2780.01
390,448,176,1,4916.14
391,277,389,4,2670.63
392,218,229,4,3163.48
393,71,188,4,2178.67
394,18,43,4,742.7
395,366,422,4,2120.15
396,333,219,5,2803.4
397,219,67,1,2113.8
398,451,213,4,4596.89
399,244,16,4,4190.22
400,481,211,5,1805.51
401,228,334,5,2786.94
402,275,177,1,794.87
403,293,370,4,4203.51
404,236,339,3,1504.48
405,147,214,2,1901.43
406,61,8,5,1609.39
407,82,371,2,3904.55
408,202,25,3,325.79
409,429,271,5,2253.7
410,192,423,3,4032.13
411,35,234,3,812.06
412,232,380,3,4162.7
413,254,435,4,1579.96
414,125,125,4,4217.0
415,198,29,4,1989.82
416,48,401,1,3254.76
417,150,286,2,3038.53
418,430,459,5,2970.7
419,366,291,1,3414.43
420,254,359,5,143.6
421,168,199,5,312.21
422,130,199,5,2618.5
423,93,343,2,3579.26
424,369,386,2,4600.05
425,411,165,2,4071.06
426,311,239,4,2310.42
427,278,243,2,3757.74
428,270,357,2,1344.24
429,29,86,3,2406.67
430,21,117,2,283.49
431,91,83,5,4074.12
432,110,373,2,618.05
433,380,500,5,3417.83
434,447,86,1,2645.4
435,104,487,3,1284.33
436,125,44,2,1914.62
437,436,124,4,2528.77
438,185,275,2,4072.69
439,168,26,3,642.99
440,384,16,4,519.66
441,163,345,3,1091.07
442,17,267,2,4505.83
443,402,311,4,3087.36
444,243,301,5,4044.69
445,389,64,2,898.27
446,128,170,3,3603.57
447,311,6,5,1078.54
448,319,326,1,809.69
449,324,124,1,1338.47
450,62,124,2,2601.04
451,332,295,4,3653.69
452,365,256,5,3980.76
453,53,63,3,1619.41
454,52,230,2,2023.39
455,119,66,1,2022.48
456,8,336,4,254.74
457,398,135,1,1174.36
458,100,385,1,4877.95
459,70,283,2,2673.58
460,66,179,1,4744.29
461,59,111,1,4094.52
462,400,203,3,3646.21
463,183,340,1,2092.73
464,127,442,4,1551.82
465,357,231,4,3255.23
466,60,381,2,4146.83
467,419,140,2,3637.52
468,48,321,3,2026.23
469,228,330,3,623.8
470,204,166,2,2648.81
471,380,233,2,4687.72
472,337,170,1,3669.91
473,323,240,1,2651.62
474,325,403,1,2503.58
475,471,325,4,4503.98
476,319,394,3,735.0
477,296,302,5,4005.93
478,422,305,4,396.26
479,170,434,3,4580.85
480,151,476,3,3756.25
481,237,389,2,2465.24
482,490,308,3,2939.13
483,189,339,4,3922.07
484,374,486,3,665.63
485,411,150,2,1367.08
486,275,185,2,4993.71
487,365,383,1,3511.02
488,147,360,4,3555.75
489,142,172,4,2275.84
490,469,195,4,4281.26
491,450,309,2,653.49
492,436,349,3,1626.58
493,162,112,2,3896.79
494,163,132,3,4768.23
495,373,262,2,2968.58
496,371,4,1,2513.92
497,138,378,2,4738.32
498,268,429,2,4051.45
499,42,176,3,3597.53
500,192,455,5,2047.3
